// Code generated by the ahoc-lab frequency sampler; DO NOT EDIT.
// Top source-code trigrams (ASCII-lowered, little-endian keys) by
// frequency, sampled from the git and cpython corpora (3000 files).
// Index = frequency rank (0 = most common). Used only at detector
// construction to pick each keyword's rarest anchor trigram.

package detect

var commonTrigrams = [...]uint32{
	0x202020, 0x20200a, 0x2d2d2d, 0x687420, 0x656874, 0x09090a, 0x206568, 0x6e6f69,
	0x676e69, 0x657220, 0x6e6920, 0x727473, 0x203d20, 0x6f6974, 0x090909, 0x746365,
	0x206465, 0x6f6320, 0x090a3b, 0x6e6f63, 0x726574, 0x746e65, 0x3d3d3d, 0x746e69,
	0x206669, 0x207369, 0x0a3b29, 0x200a0a, 0x646e61, 0x617473, 0x6e6120, 0x726f66,
	0x6f7420, 0x736574, 0x20676e, 0x20726f, 0x747365, 0x206e6f, 0x207265, 0x206f74,
	0x656d61, 0x747320, 0x697461, 0x657461, 0x207463, 0x736920, 0x746572, 0x6c6c61,
	0x666572, 0x206e69, 0x207469, 0x727574, 0x657320, 0x736e6f, 0x207365, 0x206120,
	0x20646e, 0x6d6f63, 0x6f6e20, 0x6a626f, 0x757465, 0x20746e, 0x656c69, 0x262620,
	0x746967, 0x207473, 0x6f6620, 0x6e7275, 0x757274, 0x6d616e, 0x6c6966, 0x746174,
	0x63656a, 0x616572, 0x656e69, 0x656420, 0x666f20, 0x656a62, 0x5f7473, 0x646165,
	0x20656c, 0x0a2626, 0x200a3a, 0x20666f, 0x0a0a2e, 0x666564, 0x6c6573, 0x736572,
	0x202320, 0x65646f, 0x697463, 0x206573, 0x232020, 0x616320, 0x697274, 0x737361,
	0x612073, 0x742065, 0x090a26, 0x617020, 0x746f6e, 0x206e72, 0x616863, 0x697720,
	0x737365, 0x666920, 0x636e75, 0x666c65, 0x726170, 0x726f74, 0x746375, 0x746170,
	0x200a29, 0x637572, 0x74736e, 0x090a0a, 0x726576, 0x6e696c, 0x656220, 0x206572,
	0x6e7566, 0x65746e, 0x746573, 0x746164, 0x632074, 0x202a20, 0x727265, 0x646574,
	0x686320, 0x783020, 0x786520, 0x657469, 0x6c6176, 0x202c65, 0x612065, 0x692020,
	0x282066, 0x646f6d, 0x6f6874, 0x65725f, 0x636570, 0x747369, 0x646f63, 0x677261,
	0x742073, 0x6e6974, 0x6e6972, 0x0a0a3b, 0x706572, 0x74706f, 0x692065, 0x726120,
	0x6b6361, 0x73616c, 0x732020, 0x090a7b, 0x657270, 0x687469, 0x6d6d6f, 0x656c62,
	0x737265, 0x207461, 0x656863, 0x747865, 0x696620, 0x206c61, 0x632065, 0x202e2e,
	0x707865, 0x656e6f, 0x206c6c, 0x657375, 0x646e69, 0x727020, 0x6c6163, 0x742020,
	0x666909, 0x746977, 0x6e656d, 0x657261, 0x6f7270, 0x606020, 0x687461, 0x726168,
	0x746e6f, 0x616d20, 0x206e61, 0x696874, 0x657361, 0x206874, 0x6e695f, 0x74656d,
	0x667562, 0x616c63, 0x732065, 0x200909, 0x707974, 0x6f635f, 0x200a2c, 0x090a2c,
	0x74206e, 0x200a65, 0x722020, 0x207374, 0x74726f, 0x746361, 0x646461, 0x657079,
	0x6f2065, 0x742074, 0x74756f, 0x202023, 0x206e65, 0x696c20, 0x732074, 0x696420,
	0x736563, 0x20656e, 0x272020, 0x656572, 0x737520, 0x2e666c, 0x6c6261, 0x64696f,
	0x692074, 0x736968, 0x697470, 0x746567, 0x726568, 0x0a0a29, 0x302020, 0x656d20,
	0x742066, 0x746920, 0x0a7b20, 0x74696d, 0x74616d, 0x797020, 0x6e656c, 0x646e65,
	0x65646e, 0x756c61, 0x207361, 0x206574, 0x20202e, 0x65756c, 0x090a29, 0x20746f,
	0x726573, 0x687465, 0x736120, 0x726564, 0x636f6c, 0x207261, 0x657a69, 0x6e6f20,
	0x5f7463, 0x616874, 0x746c75, 0x617274, 0x6f7272, 0x202c73, 0x656c20, 0x657474,
	0x656c70, 0x657209, 0x616820, 0x612074, 0x6e6966, 0x69090a, 0x696e69, 0x742064,
	0x6e6168, 0x207373, 0x617461, 0x6e6572, 0x206863, 0x657265, 0x200a2e, 0x726964,
	0x206562, 0x202009, 0x687720, 0x726f72, 0x747309, 0x6f6973, 0x203a3a, 0x636974,
	0x747461, 0x5f7469, 0x746168, 0x726f70, 0x6f6d20, 0x696665, 0x757320, 0x65636e,
	0x73696c, 0x6c6120, 0x657274, 0x74696e, 0x662065, 0x656761, 0x636572, 0x74636e,
	0x617620, 0x6d726f, 0x65726f, 0x796220, 0x206564, 0x74656c, 0x697320, 0x726f20,
	0x636170, 0x2d2d20, 0x20796c, 0x206665, 0x692073, 0x626f20, 0x722074, 0x6e6172,
	0x657372, 0x696d6d, 0x616568, 0x74616c, 0x2a200a, 0x0a0a7d, 0x2a2009, 0x657078,
	0x686374, 0x6e6973, 0x6f2074, 0x627573, 0x6e6f6e, 0x636e65, 0x20656d, 0x6c706d,
	0x635f74, 0x702065, 0x6f7065, 0x61206e, 0x75646f, 0x646573, 0x307830, 0x632020,
	0x666964, 0x656c75, 0x303030, 0x6f6c20, 0x6d6f72, 0x6e6520, 0x72746e, 0x737261,
	0x6e6964, 0x207465, 0x203e2d, 0x736e69, 0x727420, 0x746172, 0x3e2d20, 0x656e20,
	0x207475, 0x6e6961, 0x0a3a29, 0x642020, 0x206369, 0x202c74, 0x6f7266, 0x74735f,
	0x6c7564, 0x736168, 0x20736e, 0x73202c, 0x6f6420, 0x2a2072, 0x747562, 0x736f70,
	0x666e6f, 0x73090a, 0x7a6973, 0x657665, 0x202027, 0x79705f, 0x756620, 0x206060,
	0x706f20, 0x612020, 0x73656c, 0x636e61, 0x6e6769, 0x636172, 0x617265, 0x657409,
	0x65736c, 0x2e2e20, 0x706d69, 0x7b2029, 0x747970, 0x6c6961, 0x6b636f, 0x0a2f2a,
	0x206469, 0x706d6f, 0x2a2074, 0x2f2a20, 0x616d72, 0x6b6365, 0x622064, 0x786574,
	0x61202c, 0x636568, 0x742072, 0x735f74, 0x6e7520, 0x20090a, 0x6d6974, 0x726620,
	0x696709, 0x656361, 0x6c6320, 0x657669, 0x207972, 0x747465, 0x746972, 0x206563,
	0x74090a, 0x6c6c75, 0x207472, 0x78655f, 0x726f77, 0x6d6574, 0x2e2020, 0x5f7970,
	0x61705f, 0x73746e, 0x303078, 0x633a20, 0x73656d, 0x200a3b, 0x657475, 0x636e69,
	0x656d69, 0x637865, 0x79726f, 0x77656e, 0x687479, 0x656c65, 0x6e6163, 0x692064,
	0x746163, 0x6f6c6c, 0x74202c, 0x612064, 0x676e61, 0x722065, 0x69666e, 0x22202c,
	0x5f7465, 0x207962, 0x6f2073, 0x726570, 0x202c22, 0x690909, 0x6e2073, 0x2e0a0a,
	0x5e5e5e, 0x637461, 0x6e6574, 0x6e6568, 0x657073, 0x727474, 0x73206e, 0x616c20,
	0x657420, 0x646564, 0x6e756f, 0x740a0a, 0x642065, 0x6c616d, 0x3d2065, 0x736162,
	0x2e2e0a, 0x65676e, 0x79656b, 0x5c2720, 0x657465, 0x676966, 0x747265, 0x656363,
	0x0a0a0a, 0x65746f, 0x657473, 0x702020, 0x6e6f68, 0x5f6574, 0x6c6c69, 0x766572,
	0x676973, 0x747328, 0x697372, 0x726566, 0x756220, 0x67090a, 0x69206e, 0x696720,
	0x0a7d09, 0x707061, 0x6f6365, 0x756e20, 0x206576, 0x6c6f63, 0x617261, 0x686361,
	0x6c6175, 0x727563, 0x786564, 0x65766f, 0x5f656c, 0x63202c, 0x697469, 0x687361,
	0x757165, 0x747261, 0x6f6d65, 0x657328, 0x6c616e, 0x64656e, 0x656d75, 0x656877,
	0x6f7320, 0x666669, 0x646572, 0x206d6f, 0x736c61, 0x720909, 0x3d2074, 0x603a63,
	0x696c61, 0x6d6572, 0x207c20, 0x636564, 0x6c756e, 0x202c64, 0x657263, 0x200a73,
	0x656820, 0x687320, 0x652020, 0x64726f, 0x61746e, 0x646f68, 0x69202c, 0x746120,
	0x75735f, 0x0a0a3a, 0x6d2065, 0x61656c, 0x662020, 0x74730a, 0x74206f, 0x68636e,
	0x63206e, 0x0a7d0a, 0x6e2065, 0x616e20, 0x656469, 0x646120, 0x6f6873, 0x656d65,
	0x637573, 0x697277, 0x202c72, 0x626972, 0x736564, 0x69616d, 0x742067, 0x696c5f,
	0x662073, 0x655f74, 0x676f6c, 0x636120, 0x657269, 0x747065, 0x726174, 0x6d756e,
	0x697373, 0x0a2e73, 0x5f6b63, 0x622074, 0x6d6172, 0x776f6c, 0x652065, 0x222020,
	0x202c29, 0x69746e, 0x756c63, 0x6e6570, 0x646e75, 0x6e616d, 0x75663a, 0x0a2929,
	0x6f7461, 0x657373, 0x736c65, 0x747375, 0x6f7473, 0x69645f, 0x3a2065, 0x68746f,
	0x616c66, 0x20646c, 0x626174, 0x72756f, 0x657571, 0x746973, 0x70616d, 0x657275,
	0x732073, 0x6c6174, 0x632073, 0x730909, 0x696f76, 0x6d6920, 0x69736e, 0x232323,
	0x5f7265, 0x73203d, 0x696877, 0x657463, 0x6e6576, 0x666e69, 0x662074, 0x69646e,
	0x6c206c, 0x64756c, 0x7d0a3b, 0x5f6465, 0x797274, 0x202c27, 0x656461, 0x746165,
	0x616c70, 0x6f206e, 0x747570, 0x697270, 0x69665f, 0x772065, 0x746e75, 0x6f7020,
	0x26202c, 0x3d2073, 0x3a2020, 0x7d090a, 0x657620, 0x756269, 0x7c2020, 0x6d3a20,
	0x63090a, 0x657365, 0x6f6328, 0x756272, 0x63696c, 0x206b63, 0x696365, 0x745f65,
	0x656c64, 0x726874, 0x67616c, 0x612072, 0x616420, 0x707320, 0x627274, 0x656772,
	0x65706f, 0x656b63, 0x200a74, 0x69736f, 0x6e6977, 0x657369, 0x3e3e20, 0x72090a,
	0x726176, 0x656475, 0x706563, 0x6f706d, 0x695f74, 0x617262, 0x696e75, 0x616369,
	0x0a2965, 0x7b0a29, 0x657720, 0x6c636e, 0x6c7561, 0x6f666e, 0x0a7b0a, 0x3a7373,
	0x202c66, 0x756166, 0x726f63, 0x725f65, 0x705f20, 0x616665, 0x5f6573, 0x64656c,
	0x6e7265, 0x692072, 0x6c6169, 0x202a2f, 0x6f2064, 0x0a2928, 0x617720, 0x702074,
	0x656720, 0x622065, 0x617220, 0x772074, 0x203e3e, 0x616e65, 0x6f202c, 0x617073,
	0x730a0a, 0x3a636e, 0x2e7265, 0x0a6568, 0x736163, 0x200a6e, 0x3e3e3e, 0x6c6520,
	0x616e69, 0x3d3d20, 0x206575, 0x657661, 0x6e202c, 0x222222, 0x636375, 0x5f726f,
	0x207372, 0x772073, 0x65740a, 0x736573, 0x697061, 0x752065, 0x747361, 0x20776f,
	0x757463, 0x206565, 0x6e696e, 0x65645f, 0x657268, 0x3e2020, 0x3b3020, 0x65736f,
	0x72656d, 0x20745f, 0x6f7469, 0x737463, 0x656666, 0x6e6174, 0x2e6465, 0x203d3d,
	0x6b726f, 0x6f636e, 0x68635f, 0x0a2e65, 0x617574, 0x746369, 0x202d20, 0x65735f,
	0x206567, 0x662064, 0x786966, 0x70202c, 0x222065, 0x6e7572, 0x27202c, 0x206461,
	0x616e6f, 0x65626d, 0x6c6977, 0x0a0a27, 0x6d2074, 0x706f5f, 0x797420, 0x797261,
	0x616220, 0x3a3a64, 0x656372, 0x726562, 0x6f7970, 0x726520, 0x642074, 0x6c2065,
	0x5f676e, 0x676173, 0x5f6e6f, 0x630909, 0x30203d, 0x6c633a, 0x657272, 0x0a3b74,
	0x626f79, 0x2e7365, 0x603a73, 0x72656e, 0x212820, 0x6f7463, 0x726165, 0x202c60,
	0x616e5f, 0x090a2f, 0x736665, 0x737469, 0x656c6c, 0x6c6564, 0x2a2a2a, 0x64695f,
	0x656378, 0x696c70, 0x742079, 0x2a2065, 0x0a3b65, 0x756f63, 0x202c6e, 0x6f6369,
	0x647261, 0x65206e, 0x61636f, 0x0a2e60, 0x666f65, 0x616620, 0x732064, 0x686769,
	0x207367, 0x635f65, 0x6c646e, 0x616f6c, 0x732061, 0x200a64, 0x696172, 0x706d61,
	0x636573, 0x656d3a, 0x2d2074, 0x656966, 0x0a2720, 0x5f6675, 0x657479, 0x3a646f,
	0x747962, 0x6c6e6f, 0x736964, 0x696669, 0x5f2e66, 0x726373, 0x2e2e2e, 0x6e6f6c,
	0x6f2072, 0x616d5f, 0x756f68, 0x735f65, 0x616d73, 0x69230a, 0x272027, 0x69735f,
	0x62202c, 0x6e655f, 0x3d205d, 0x756f72, 0x0a3a65, 0x726567, 0x65090a, 0x5f6572,
	0x6e6967, 0x6d656d, 0x6c756f, 0x603a68, 0x5f6461, 0x2e6e6f, 0x756f79, 0x736e61,
	0x657266, 0x756772, 0x617420, 0x69726f, 0x6d7567, 0x736761, 0x090a27, 0x646c75,
	0x665f74, 0x62206e, 0x636162, 0x6f6e5f, 0x616d6d, 0x202b20, 0x692060, 0x766974,
	0x0a5c20, 0x657228, 0x746c69, 0x657267, 0x74696c, 0x0a3b30, 0x636964, 0x2e3320,
	0x6d656c, 0x706d63, 0x706163, 0x697865, 0x65675f, 0x3b2965, 0x726177, 0x746962,
	0x632064, 0x696174, 0x6f6c62, 0x6c6c6f, 0x2a2f09, 0x2a2020, 0x657572, 0x706d65,
	0x6f2020, 0x796c6e, 0x757365, 0x68740a, 0x612067, 0x657070, 0x207961, 0x6c6572,
	0x3a6874, 0x697265, 0x736575, 0x207364, 0x62696c, 0x222220, 0x6e2074, 0x616873,
	0x756f20, 0x5f2020, 0x766168, 0x61206f, 0x616470, 0x6f6309, 0x6c6f6f, 0x20202c,
	0x272073, 0x6c2074, 0x202c31, 0x6e696f, 0x69746c, 0x647075, 0x28746e, 0x5f6564,
	0x797028, 0x772064, 0x0a270a, 0x0a2e64, 0x69202a, 0x756f73, 0x617373, 0x736772,
	0x6c7573, 0x6f7720, 0x30202c, 0x2e656c, 0x612066, 0x206570, 0x707573, 0x646c69,
	0x612060, 0x6e6909, 0x736569, 0x202c79, 0x747372, 0x746e61, 0x0a2c29, 0x72745f,
	0x736e75, 0x617267, 0x6f6c5f, 0x73676e, 0x72705f, 0x696d20, 0x3a6465, 0x756d20,
	0x746867, 0x6e6567, 0x612079, 0x676e6f, 0x72202c, 0x697261, 0x742068, 0x636f72,
	0x677265, 0x656b20, 0x73756d, 0x666675, 0x202c30, 0x6d2073, 0x5f6665, 0x622020,
	0x2c656d, 0x637275, 0x6f7920, 0x722073, 0x776f6e, 0x20230a, 0x73656e, 0x5f746e,
	0x706120, 0x697473, 0x676972, 0x6d7265, 0x707520, 0x646c6f, 0x202e73, 0x776f68,
	0x69646f, 0x282020, 0x612068, 0x647473, 0x6e6962, 0x090a7d, 0x726220, 0x200a72,
	0x646567, 0x676174, 0x72656c, 0x30203a, 0x74202a, 0x7e603a, 0x776f64, 0x686369,
	0x663a20, 0x656423, 0x716572, 0x756320, 0x772020, 0x6e696d, 0x766f6d, 0x206577,
	0x726320, 0x796c6c, 0x732066, 0x6c6968, 0x6b6f6f, 0x6e6968, 0x5f656d, 0x77202c,
	0x6c2020, 0x636968, 0x6c203e, 0x642073, 0x617865, 0x616974, 0x726f6e, 0x6e6573,
	0x656464, 0x636174, 0x6f6220, 0x6e6564, 0x22285f, 0x6d5f74, 0x736165, 0x736e65,
	0x0a2927, 0x2a2064, 0x66206e, 0x656573, 0x242220, 0x652072, 0x696166, 0x632072,
	0x737973, 0x3b2929, 0x0a3b31, 0x7d0909, 0x697263, 0x206f73, 0x676572, 0x0a3a3a,
	0x732072, 0x656e65, 0x736961, 0x207765, 0x3e2d73, 0x737269, 0x72206e, 0x203c20,
	0x646565, 0x737369, 0x5f646e, 0x6c6166, 0x722064, 0x70603a, 0x312d20, 0x617469,
	0x6c6568, 0x64230a, 0x796e61, 0x706972, 0x65202c, 0x6f6f6c, 0x63696e, 0x206f6e,
	0x6c6975, 0x726f6d, 0x66202c, 0x6d2020, 0x287265, 0x64616f, 0x3d2072, 0x70206e,
	0x652074, 0x682074, 0x65636f, 0x697571, 0x746f20, 0x637365, 0x5f6563, 0x6d7320,
	0x5f6863, 0x727275, 0x697562, 0x6d6f74, 0x66666f, 0x6e6565, 0x732820, 0x707574,
	0x656c67, 0x632820, 0x65736e, 0x707075, 0x20746c, 0x797320, 0x755c27, 0x682065,
	0x696863, 0x617465, 0x200a22, 0x3a633a, 0x747379, 0x5f6c6c, 0x656b61, 0x657672,
	0x202e65, 0x29656d, 0x6f6c6f, 0x64656b, 0x61202a, 0x670909, 0x3e2d74, 0x3a6e6f,
	0x6f5f65, 0x697420, 0x286e6f, 0x645f74, 0x74706d, 0x707365, 0x202c67, 0x736567,
	0x6f6863, 0x617320, 0x6e6928, 0x207974, 0x2c6465, 0x6c676e, 0x293020, 0x656c63,
	0x0a2e74, 0x28726f, 0x692063, 0x757461, 0x6f646e, 0x74736f, 0x702073, 0x5f7369,
	0x65685f, 0x61645f, 0x6f665f, 0x61635f, 0x0a2c65, 0x656665, 0x657472, 0x797060,
	0x207478, 0x603a64, 0x6e6923, 0x736568, 0x5f6c61, 0x732a20, 0x702a20, 0x0a6465,
	0x090a65, 0x656d6f, 0x65746c, 0x6f632e, 0x6e7973, 0x78656e, 0x31203d, 0x626d75,
	0x6f6c63, 0x650909, 0x200a2a, 0x727720, 0x636163, 0x66090a, 0x62616c, 0x6f745f,
	0x785c27, 0x622073, 0x6f2a20, 0x2c7265, 0x797469, 0x0a6e6f, 0x64615f, 0x5f6568,
	0x2d2065, 0x0a6573, 0x696769, 0x78616d, 0x752074, 0x6e776f, 0x657262, 0x2d2d2b,
	0x73726f, 0x695f65, 0x737470, 0x5f6e69, 0x762065, 0x0a2a2f, 0x5f6873, 0x207327,
	0x6e2020, 0x2b2d2d, 0x3e2d65, 0x6e203d, 0x697472, 0x3d2064, 0x696465, 0x6e696b,
	0x5f657a, 0x727261, 0x0a2974, 0x22682e, 0x0a2268, 0x230a0a, 0x6e6f6d, 0x33203a,
	0x646e6f, 0x726720, 0x6c6c65, 0x746665, 0x61665f, 0x746964, 0x72616d, 0x6f7620,
	0x2e7374, 0x6f746f, 0x636f64, 0x0a666f, 0x6f6820, 0x656972, 0x2e7463, 0x686365,
	0x63206f, 0x757220, 0x707265, 0x736170, 0x74616e, 0x632061, 0x2c656c, 0x705f74,
	0x206174, 0x706f74, 0x747561, 0x657478, 0x767265, 0x202929, 0x21603a, 0x206472,
	0x656c5f, 0x655f65, 0x262074, 0x206065, 0x666963, 0x706172, 0x64696c, 0x756365,
	0x646568, 0x727065, 0x0a2973, 0x65722e, 0x207865, 0x6b6165, 0x736e72, 0x617266,
	0x626f6c, 0x0a2c27, 0x73206f, 0x6d6178, 0x726f6c, 0x64202c, 0x6d6173, 0x74202e,
	0x705f65, 0x665f65, 0x76202e, 0x2c7365, 0x5f6874, 0x72616e, 0x2c666c, 0x722a20,
	0x616d69, 0x6c756d, 0x652073, 0x632a20, 0x20756f, 0x77206e, 0x230a22, 0x6c6620,
	0x63656c, 0x6d635f, 0x2f0a0a, 0x725f74, 0x65722d, 0x696d69, 0x62206f, 0x5f5f20,
	0x63616c, 0x6f6c66, 0x696220, 0x616972, 0x3a206e, 0x745f74, 0x0a2c22, 0x732079,
	0x656e67, 0x636361, 0x206464, 0x636165, 0x202c6c, 0x3d206e, 0x6c615f, 0x202a0a,
	0x636e6f, 0x6f7070, 0x6e3e2d, 0x696f70, 0x61706d, 0x0a3a73, 0x697375, 0x706f63,
	0x282065, 0x692820, 0x697475, 0x6c7073, 0x746970, 0x203a65, 0x2e676e, 0x0a2222,
	0x602065, 0x202626, 0x732865, 0x6c6576, 0x726966, 0x63203d, 0x090a2e, 0x662072,
	0x757074, 0x707475, 0x657865, 0x207470, 0x736f6c, 0x0a676e, 0x203a27, 0x74206c,
	0x202928, 0x20656b, 0x616265, 0x6e692d, 0x747468, 0x646569, 0x766520, 0x31202c,
	0x0a7365, 0x0a7265, 0x287469, 0x6f2079, 0x707474, 0x202c32, 0x74615f, 0x752073,
	0x73603a, 0x72616c, 0x646d63, 0x200a60, 0x5f6f74, 0x6e6f64, 0x6e6165, 0x747069,
	0x692079, 0x606065, 0x6f2060, 0x0a726f, 0x626120, 0x636f73, 0x72615f, 0x6d206e,
	0x6f6f66, 0x292a20, 0x726f68, 0x5f7365, 0x6e690a, 0x5f7470, 0x2a2f0a, 0x736461,
	0x692066, 0x6e6e61, 0x6c6f66, 0x692067, 0x2c2922, 0x6c5f74, 0x796c74, 0x6c202c,
	0x2d6574, 0x656d5f, 0x6f632d, 0x206c69, 0x3b2974, 0x20706d, 0x6d202c, 0x5b2020,
	0x696765, 0x702064, 0x20796e, 0x687428, 0x6f6d3a, 0x646576, 0x5f2066, 0x6b7361,
	0x646920, 0x72203d, 0x6f7274, 0x6d6165, 0x73776f, 0x74656b, 0x79616d, 0x5f7061,
	0x735f79, 0x27203d, 0x656873, 0x0a656e, 0x5f5f2e, 0x5f6567, 0x706564, 0x72665f,
	0x797470, 0x616e72, 0x62206c, 0x696c6c, 0x5f646c, 0x207375, 0x737473, 0x696f5f,
	0x296469, 0x74206d, 0x6c2064, 0x626f5f, 0x20736c, 0x0a0a65, 0x615f74, 0x79745f,
	0x5f7972, 0x640909, 0x672065, 0x697369, 0x26206c, 0x2d6e6f, 0x740909, 0x5f6666,
	0x656465, 0x67736d, 0x6c7275, 0x746f6d, 0x206f68, 0x646973, 0x206072, 0x660909,
	0x736666, 0x286573, 0x2c6e6f, 0x3b3120, 0x6c6974, 0x202c70, 0x706e69, 0x200a7b,
	0x202c68, 0x667265, 0x6e206e, 0x200a5c, 0x6f7774, 0x286469, 0x6c635f, 0x0a646e,
	0x6d2060, 0x616309, 0x676e65, 0x617272, 0x657020, 0x737275, 0x3b2973, 0x645f65,
	0x747469, 0x2a0a0a, 0x766e65, 0x632079, 0x6e2064, 0x292922, 0x6e2066, 0x61702d,
	0x687375, 0x206c6f, 0x3d2120, 0x716573, 0x6e7261, 0x65722a, 0x2e6060, 0x0a6c61,
	0x6c6220, 0x6f7571, 0x696c69, 0x636578, 0x616d65, 0x292865, 0x696c65, 0x657366,
	0x603a72, 0x656369, 0x203d21, 0x65656e, 0x090a2a, 0x2e7473, 0x6d6275, 0x726f73,
	0x2a2066, 0x293120, 0x747563, 0x6f736c, 0x61765f, 0x6f6e6e, 0x6f3e2d, 0x61746f,
	0x752020, 0x0a2e6e, 0x746564, 0x61685f, 0x28646e, 0x646f6e, 0x0a656c, 0x27203a,
	0x0a7369, 0x746f75, 0x74732e, 0x70203d, 0x756e65, 0x7c7c20, 0x796172, 0x2f090a,
	0x6f6d5f, 0x63202e, 0x726162, 0x206769, 0x662060, 0x2c6060, 0x5f656e, 0x603a65,
	0x635f64, 0x746f72, 0x622079, 0x696409, 0x207065, 0x207075, 0x796669, 0x656c61,
	0x75625f, 0x6e755f, 0x642064, 0x2c656e, 0x677562, 0x6d2072, 0x79616c, 0x5f7472,
	0x736174, 0x766e69, 0x736570, 0x617571, 0x69202e, 0x207269, 0x0a2e29, 0x6f6e67,
	0x636e79, 0x7a696c, 0x6c6f73, 0x646c65, 0x6f5f74, 0x75665f, 0x6c7566, 0x6f6d62,
	0x756d5f, 0x2a202c, 0x286574, 0x30206e, 0x663a63, 0x696d6f, 0x76656c, 0x702072,
	0x6c7070, 0x287472, 0x6c7075, 0x6f2067, 0x29666c, 0x296575, 0x6c665f, 0x2d7469,
	0x28656c, 0x200a79, 0x616d74, 0x3a3a65, 0x657222, 0x0a7c20, 0x676f72, 0x69203b,
	0x287465, 0x756e69, 0x73646e, 0x202c63, 0x6c6569, 0x73696d, 0x3b2922, 0x5f6769,
	0x6c7065, 0x5f6565, 0x206d65, 0x74695f, 0x20657a, 0x697465, 0x74676e, 0x616365,
	0x206074, 0x5f6576, 0x776172, 0x6f7267, 0x762074, 0x703e2d, 0x74276e, 0x6c2073,
	0x617065, 0x286e65, 0x6e2061, 0x6f7073, 0x202e64, 0x686372, 0x7b203d, 0x262065,
	0x736978, 0x687467, 0x737970, 0x282072, 0x757373, 0x22203d, 0x6f6f74, 0x656b6f,
	0x2c7d20, 0x61206c, 0x3a3a6e, 0x202965, 0x662061, 0x6e656b, 0x3a656c, 0x73656f,
	0x625f74, 0x6f0909, 0x312e33, 0x2a2a20, 0x69672e, 0x262022, 0x207b20, 0x0a3b73,
	0x646977, 0x6f6b63, 0x5f6e65, 0x726565, 0x5f7765, 0x656e6e, 0x615f65, 0x733e2d,
	0x0a2964, 0x736177, 0x6f7475, 0x656964, 0x61702e, 0x6b7261, 0x2d2020, 0x297265,
	0x206675, 0x207965, 0x6e6975, 0x64656d, 0x696474, 0x0a2c7d, 0x772072, 0x76202c,
	0x73695f, 0x79706f, 0x65776f, 0x7e7e7e, 0x64206e, 0x2d7473, 0x656f64, 0x6d2064,
	0x6d202e, 0x202f2f, 0x69625f, 0x6f705f, 0x0a3b6e, 0x6b6e69, 0x745f64, 0x2e736e,
	0x72655f, 0x636509, 0x736874, 0x6d7973, 0x657264, 0x636972, 0x656472, 0x702061,
	0x5f7274, 0x737472, 0x6d6973, 0x72206f, 0x626d65, 0x616c65, 0x2a2079, 0x20207c,
	0x65672e, 0x6d6520, 0x696e72, 0x73756f, 0x6c6172, 0x202c78, 0x722820, 0x202974,
	0x0a2d2d, 0x0a292e, 0x69206f, 0x29746e, 0x706974, 0x797361, 0x20646f, 0x736d65,
	0x6f746e, 0x75706e, 0x6f6e3d, 0x72676f, 0x207427, 0x0a3b6c, 0x736b63, 0x757120,
	0x2d2064, 0x690a0a, 0x5f6472, 0x63206c, 0x6b6369, 0x090a22, 0x756f6b, 0x5f7461,
	0x6b6e75, 0x656e5f, 0x2e746e, 0x617567, 0x722072, 0x706c65, 0x5f776f, 0x226e5c,
	0x6b616d, 0x6c5f65, 0x206c65, 0x200a6f, 0x632066, 0x756f64, 0x206873, 0x206920,
	0x6e5f65, 0x702066, 0x796177, 0x200a61, 0x2d7265, 0x700909, 0x2c676e, 0x6c6f72,
	0x6e6f72, 0x6d6f73, 0x742061, 0x61646e, 0x766967, 0x200a6c, 0x202e74, 0x2d2b2d,
	0x6f6609, 0x090a5c, 0x285f28, 0x29676e, 0x633e2d, 0x29656e, 0x65766e, 0x6e5f74,
	0x766f72, 0x286874, 0x747364, 0x206761, 0x676964, 0x5f6469, 0x2e6572, 0x2e656d,
	0x732874, 0x727072, 0x63202a, 0x296465, 0x0a2c73, 0x2a2f20, 0x0a2e72, 0x200a5d,
	0x6e6575, 0x297374, 0x757970, 0x6e6f70, 0x766e6f, 0x2c7374, 0x6f6f62, 0x620909,
	0x786469, 0x286465, 0x732220, 0x6f203d, 0x787463, 0x656b69, 0x6b696c, 0x625f65,
	0x5f7361, 0x286565, 0x6e7579, 0x737570, 0x73202a, 0x68735f, 0x662a20, 0x630a0a,
	0x2c6874, 0x75202c, 0x616c69, 0x722220, 0x657466, 0x652070, 0x206d72, 0x206666,
	0x616c75, 0x692068, 0x652064, 0x637320, 0x6f7263, 0x766772, 0x2c6675, 0x203020,
	0x20736b, 0x3c3c20, 0x6d7469, 0x637465, 0x697665, 0x746f6f, 0x646976, 0x202c6f,
	0x726175, 0x616964, 0x2d202c, 0x61745f, 0x636966, 0x090a3a, 0x737465, 0x6d696c,
	0x732520, 0x202c61, 0x0a6120, 0x626564, 0x78653e, 0x656765, 0x65726b, 0x2a2073,
	0x735f64, 0x203120, 0x2c6469, 0x5f6464, 0x0a6f74, 0x615f66, 0x696c6e, 0x726464,
	0x3a6665, 0x6d5f65, 0x5f706f, 0x63616d, 0x207468, 0x200a67, 0x64206f, 0x206f64,
	0x74203d, 0x292874, 0x646570, 0x617028, 0x602020, 0x65723a, 0x3a2064, 0x616574,
	0x6e2072, 0x676574, 0x637261, 0x642072, 0x746661, 0x746978, 0x723e2d, 0x632067,
	0x723a20, 0x66203d, 0x6e6f74, 0x296874, 0x70696b, 0x3d2067, 0x696461, 0x726975,
	0x63613e, 0x70202a, 0x6e6970, 0x2c3020, 0x0a3b64, 0x642079, 0x612a20, 0x0a2930,
	0x632220, 0x3b2964, 0x0a2a20, 0x73206c, 0x695f72, 0x616520, 0x636970, 0x2d206e,
	0x736f68, 0x5f6d6f, 0x697474, 0x70203a, 0x696b73, 0x65230a, 0x3a6174, 0x5d305b,
	0x672074, 0x732067, 0x262029, 0x207c7c, 0x682073, 0x0a2922, 0x636f74, 0x3d2070,
	0x6f6261, 0x282073, 0x67676f, 0x2c6573, 0x69206c, 0x30755c, 0x63656e, 0x706f28,
	0x69766f, 0x286c61, 0x0a0a26, 0x73203a, 0x65745f, 0x202e60, 0x6c7020, 0x737574,
	0x2f0909, 0x632068, 0x70206f, 0x66746e, 0x63696d, 0x6d7563, 0x775f74, 0x726577,
	0x696c2d, 0x735f72, 0x69775f, 0x65732e, 0x6f2820, 0x656767, 0x61202e, 0x2c6575,
	0x6f7220, 0x603a66, 0x2c746e, 0x5c202c, 0x75622e, 0x606029, 0x737561, 0x6f6f68,
	0x0a6e69, 0x696d72, 0x726128, 0x706f72, 0x6f7369, 0x686375, 0x296e65, 0x6c6509,
	0x28706d, 0x75206e, 0x3a2966, 0x3a2965, 0x5d695b, 0x613e20, 0x3a2061, 0x2d2066,
	0x72746b, 0x2f7366, 0x2d2d0a, 0x200a27, 0x0a746e, 0x6f6665, 0x6e6170, 0x693e2d,
	0x695f79, 0x746e63, 0x72657a, 0x60726f, 0x6c6269, 0x0a0a2d, 0x776f72, 0x6f636f,
	0x705f64, 0x686309, 0x73286e, 0x5f7373, 0x687369, 0x2f2020, 0x687061, 0x6f6f72,
	0x202c2a, 0x78653a, 0x6d6568, 0x0a6669, 0x3e2074, 0x28203d, 0x706f09, 0x756265,
	0x5f7865, 0x6c5f67, 0x653e20, 0x276e6f, 0x297365, 0x61625f, 0x2c7367, 0x207d09,
	0x726172, 0x6c6165, 0x682064, 0x262865, 0x6f6c67, 0x626169, 0x72726f, 0x766120,
	0x626572, 0x777965, 0x736973, 0x662067, 0x61626f, 0x6f7779, 0x61766e, 0x286563,
	0x66656c, 0x732720, 0x612820, 0x3e2d72, 0x746b72, 0x6e2a20, 0x746f67, 0x6e6f5f,
	0x616373, 0x657573, 0x285f5f, 0x287274, 0x3a6573, 0x735f66, 0x2c6c6c, 0x2e7372,
	0x622072, 0x0a2c74, 0x746961, 0x682020, 0x756f66, 0x262073, 0x303120, 0x206d75,
	0x656365, 0x6f6c73, 0x6e6e6f, 0x702820, 0x6e6979, 0x662079, 0x705f26, 0x607265,
	0x3a6574, 0x287365, 0x7d2020, 0x69662d, 0x6c203d, 0x6d7573, 0x615f64, 0x653a20,
	0x72706d, 0x202c62, 0x722066, 0x72612a, 0x2e7478, 0x2c7972, 0x727078, 0x65696c,
	0x6e6f73, 0x726164, 0x5f6f70, 0x617375, 0x3a6575, 0x73756c, 0x642061, 0x29656c,
	0x706565, 0x202773, 0x602073, 0x282074, 0x66202e, 0x65723e, 0x2e6874, 0x70756f,
	0x74732d, 0x786f62, 0x0a3b6b, 0x706f6f, 0x617661, 0x6e6569, 0x6c6562, 0x6e692e,
	0x28656d, 0x696177, 0x752064, 0x756769, 0x67656e, 0x5f6365, 0x203a73, 0x617628,
	0x695f66, 0x727009, 0x632060, 0x716520, 0x766f20, 0x675f74, 0x287473, 0x656e72,
	0x207272, 0x202d2d, 0x726609, 0x20632d, 0x77206f, 0x72775f, 0x5f5f74, 0x726b63,
	0x63203e, 0x2c6574, 0x65207d, 0x61626c, 0x297473, 0x737961, 0x652a20, 0x286569,
	0x626c6c, 0x3a7265, 0x632063, 0x796c65, 0x0a2972, 0x722079, 0x202620, 0x2e7369,
	0x5f203d, 0x207275, 0x757420, 0x756f62, 0x6f5f64, 0x202a74, 0x766964, 0x742023,
	0x696261, 0x3a6378, 0x685f74, 0x3e2d6f, 0x73696e, 0x0a7374, 0x3b2972, 0x3b6c6c,
	0x6f6322, 0x642a20, 0x742820, 0x64616e, 0x69675f, 0x2e6573, 0x62616e, 0x206073,
	0x636166, 0x656d6d, 0x725f66, 0x2c7473, 0x0a0a73, 0x6f7365, 0x70090a, 0x0a3b72,
	0x292e60, 0x6c6275, 0x72675f, 0x616e67, 0x732d2d, 0x696464, 0x64203d, 0x632d20,
	0x702079, 0x742a20, 0x5f2065, 0x297367, 0x0a0a22, 0x692a20, 0x666923, 0x6f6e65,
	0x0a3b7d, 0x262064, 0x262072, 0x696f20, 0x617466, 0x6c7373, 0x74603a, 0x6e6523,
	0x72202a, 0x637274, 0x656620, 0x203e20, 0x0a2e79, 0x206320, 0x65640a, 0x0a6572,
	0x6c2061, 0x6f735f, 0x6f7265, 0x772079, 0x3a7473, 0x665f73, 0x623e2d, 0x706573,
	0x706f70, 0x5f5b20, 0x73646f, 0x6e656e, 0x3b7469, 0x327830, 0x32755c, 0x732063,
	0x6e616c, 0x697620, 0x707369, 0x746169, 0x2e7379, 0x200a66, 0x0a6e65, 0x672020,
	0x2c6e65, 0x745f72, 0x666120, 0x203a20, 0x202765, 0x3a202c, 0x756163, 0x746974,
	0x77202a, 0x0a6575, 0x656d6e, 0x742060, 0x636665, 0x6e6060, 0x616c6c, 0x2e726f,
	0x6c6563, 0x6f206c, 0x65203d, 0x796c70, 0x63603a, 0x642066, 0x696176, 0x202265,
	0x2e736c, 0x632720, 0x65646c, 0x616c73, 0x28676e, 0x67206c, 0x746f6c, 0x69776f,
	0x616963, 0x67696c, 0x202309, 0x69203a, 0x6f7465, 0x667475, 0x687475, 0x6c6665,
	0x207379, 0x762063, 0x60202c, 0x702e73, 0x66206f, 0x200a28, 0x3d206c, 0x5f7475,
	0x090a74, 0x3d2068, 0x79702e, 0x3a726f, 0x656562, 0x605f5f, 0x6d203d, 0x777420,
	0x6d206f, 0x6d2061, 0x6f6976, 0x626973, 0x736166, 0x3a656e, 0x65756e, 0x736976,
	0x3e2d70, 0x757020, 0x3d2063, 0x65642e, 0x5f746c, 0x2e736f, 0x65206f, 0x2c3120,
	0x0a3a74, 0x652820, 0x6c6469, 0x696728, 0x6e206f, 0x617970, 0x303031, 0x756575,
	0x695f73, 0x786568, 0x657565, 0x5f5f65, 0x69203d, 0x0a296e, 0x203a72, 0x64090a,
	0x3c2074, 0x3a202a, 0x2d2073, 0x2c2273, 0x64202e, 0x752072, 0x292965, 0x6f625f,
	0x6f206f, 0x6f6e6b, 0x296c6c, 0x725f64, 0x75636f, 0x67203d, 0x636574, 0x646563,
	0x606027, 0x6c6162, 0x675f65, 0x0a3a79, 0x200a3e, 0x747321, 0x727573, 0x61702a,
	0x3a2073, 0x6b6f74, 0x772060, 0x292873, 0x6e6366, 0x2d2220, 0x746566, 0x30203c,
	0x79700a, 0x0a2c64, 0x6c206e, 0x756120, 0x656c74, 0x202a65, 0x666562, 0x202973,
	0x0a6574, 0x696d5f, 0x6f6e61, 0x3b2966, 0x665f6e, 0x732068, 0x206e77, 0x3c2020,
	0x726420, 0x66206c, 0x20676f, 0x207869, 0x5f7374, 0x0a7473, 0x696e6f, 0x202274,
	0x61703e, 0x5f202c, 0x6c6970, 0x6e6563, 0x696369, 0x622061, 0x3d2069, 0x2e6269,
	0x70206c, 0x296675, 0x2d7665, 0x6f645f, 0x63726f, 0x777265, 0x626172, 0x252720,
	0x3a7274, 0x797265, 0x6f2068, 0x277325, 0x617369, 0x61726f, 0x227325, 0x762020,
	0x70735f, 0x203a74, 0x5f7075, 0x207c0a, 0x756f69, 0x73736f, 0x286b63, 0x75206f,
	0x2e6574, 0x2c312d, 0x666f5f, 0x292872, 0x5f6570, 0x662066, 0x6e6965, 0x206d61,
	0x6c6e69, 0x686775, 0x276060, 0x3b296e, 0x722061, 0x726976, 0x732e73, 0x616e61,
	0x090a66, 0x687464, 0x6b6565, 0x5f6369, 0x746469, 0x622a20, 0x7b2020, 0x63203a,
	0x637970, 0x296e6f, 0x6e615f, 0x202e6e, 0x2a206e, 0x796568, 0x742220, 0x696820,
	0x282874, 0x702828, 0x2f2f3a, 0x636576, 0x6c746e, 0x732128, 0x0a2c72, 0x657065,
	0x6e5f64, 0x2d7972, 0x736261, 0x612029, 0x78656c, 0x746820, 0x2f2f0a, 0x676c61,
	0x665f64, 0x6d3a63, 0x616765, 0x6e7568, 0x727478, 0x65765f, 0x6c6f62, 0x727567,
	0x6f6474, 0x3b295d, 0x3b2967, 0x0a6c6c, 0x74203a, 0x5f7861, 0x6d6963, 0x200a6b,
	0x206365, 0x222022, 0x64657a, 0x743e2d, 0x78302c, 0x656b5f, 0x61206d, 0x652079,
	0x20202a, 0x316168, 0x20736d, 0x3b6b61, 0x20706f, 0x296573, 0x28636e, 0x655f72,
	0x617665, 0x3b2931, 0x727470, 0x286e69, 0x6c2072, 0x696c6f, 0x696568, 0x2e7465,
	0x61203d, 0x75090a, 0x287865, 0x732527, 0x640a0a, 0x2d6174, 0x69706d, 0x635f72,
	0x5f7069, 0x285f6e, 0x645f64, 0x725f73, 0x6d2a20, 0x287261, 0x746167, 0x5f7478,
	0x6c6962, 0x696170, 0x72636e, 0x2c7465, 0x736c69, 0x286564, 0x747566, 0x22206f,
	0x685f65, 0x0a0a74, 0x75675f, 0x5f7261, 0x756c6f, 0x0a0a66, 0x207061, 0x636772,
	0x755f65, 0x6c6f70, 0x666972, 0x736977, 0x292273, 0x3a7365, 0x28206e, 0x206f70,
	0x726961, 0x74613a, 0x206b72, 0x632023, 0x6d2079, 0x613a20, 0x60206e, 0x6f7628,
	0x2c7475, 0x737665, 0x736c63, 0x697772, 0x5f696d, 0x67756f, 0x2e6563, 0x6d2d20,
	0x736f6d, 0x702220, 0x297465, 0x662820, 0x6d6372, 0x696c63, 0x616b63, 0x70736e,
	0x2e6b63, 0x737563, 0x6c7069, 0x74206b, 0x78650a, 0x626f63, 0x735f73, 0x287463,
	0x26292a, 0x2c736e, 0x6f6509, 0x68745f, 0x737074, 0x603a6d, 0x6d2066, 0x3b6575,
	0x635f73, 0x202c6b, 0x6c630a, 0x616e66, 0x3b746f, 0x3a6320, 0x222064, 0x262066,
	0x6f676c, 0x6e5f79, 0x272065, 0x746c61, 0x707564, 0x5f7074, 0x223d73, 0x207377,
	0x73693a, 0x732e74, 0x657226, 0x6f630a, 0x6f6c65, 0x75705f, 0x32202c, 0x5f7269,
	0x706570, 0x5f2629, 0x202964, 0x2d656c, 0x5f706d, 0x2d6573, 0x7b2065, 0x200a68,
	0x2e7972, 0x20736f, 0x617264, 0x732774, 0x313030, 0x2d3c3c, 0x3a6d72, 0x2e7469,
	0x3e2022, 0x772067, 0x3b296c, 0x656320, 0x766564, 0x736472, 0x73612e, 0x726569,
	0x203a22, 0x3e2d61, 0x746c65, 0x6c206f, 0x777465, 0x6f6d6d, 0x0a3a72, 0x697275,
	0x2d2068, 0x5f746f, 0x726361, 0x202c33, 0x737965, 0x642820, 0x6c7265, 0x6f202a,
	0x2d2d22, 0x67616d, 0x626173, 0x726f5f, 0x637361, 0x656764, 0x6f7268, 0x61656d,
	0x62646f, 0x0a7d20, 0x757126, 0x696722, 0x662220, 0x292265, 0x6f6c79, 0x66202a,
	0x726209, 0x602064, 0x73755f, 0x31206e, 0x0a6060, 0x736c6f, 0x69206d, 0x637273,
	0x695f64, 0x61746c, 0x6f632a, 0x6f6c2e, 0x2d6465, 0x6f775f, 0x206d2d, 0x206f66,
	0x697020, 0x66696c, 0x202c6d, 0x20203a, 0x702067, 0x697220, 0x6f6373, 0x727465,
	0x725f72, 0x62756f, 0x6f6674, 0x75736e, 0x735f67, 0x72206c, 0x73616d, 0x68202c,
	0x65742e, 0x747360, 0x202e72, 0x3b312d, 0x292b2b, 0x697365, 0x6e6665, 0x6e206c,
	0x657309, 0x616573, 0x736275, 0x207966, 0x746f62, 0x3b2968, 0x682072, 0x0a656d,
	0x65682f, 0x76206e, 0x617277, 0x73285f, 0x796461, 0x696b63, 0x6c7463, 0x736c6c,
	0x3a7972, 0x5f202e, 0x69603a, 0x5f676f, 0x636562, 0x632e65, 0x69745f, 0x5f6f6e,
	0x61736e, 0x68206e, 0x737461, 0x635f79, 0x2d7374, 0x656c2e, 0x73746c, 0x67616b,
	0x6f760a, 0x3b2930, 0x202c5d, 0x656474, 0x0a3120, 0x732060, 0x2c6564, 0x6d6320,
	0x61696c, 0x2d6f6e, 0x632628, 0x286863, 0x6e652e, 0x31202b, 0x74616f, 0x632865,
	0x65743a, 0x756e5f, 0x2c2265, 0x663e2d, 0x735f6e, 0x672220, 0x2e7367, 0x6c7469,
	0x3a2066, 0x2c7372, 0x695f5f, 0x665f72, 0x732023, 0x756420, 0x6d6f64, 0x656570,
	0x73615f, 0x652066, 0x636173, 0x74732a, 0x656428, 0x2c6563, 0x6c3e2d, 0x6f6709,
	0x732620, 0x617669, 0x635f6e, 0x0a2c60, 0x72635f, 0x743a20, 0x6e2079, 0x2e656e,
	0x612e66, 0x757475, 0x2a202e, 0x0a2b2d, 0x636275, 0x697070, 0x64203e, 0x657227,
	0x6d2820, 0x702874, 0x732872, 0x222074, 0x090a6e, 0x693a20, 0x286873, 0x0a3b5d,
	0x28202c, 0x652067, 0x6f6360, 0x676170, 0x5f6f64, 0x637564, 0x0a7461, 0x6e6177,
	0x74656e, 0x6e7509, 0x272874, 0x5f6c6f, 0x62203d, 0x3a7370, 0x732873, 0x207964,
	0x5f2e73, 0x72656b, 0x78652e, 0x206f77, 0x207466, 0x3e2d6d, 0x2c7469, 0x6c666e,
	0x6f6e60, 0x656577, 0x706060, 0x60656e, 0x697279, 0x0a6e61, 0x616877, 0x6d2067,
	0x296174, 0x205f5f, 0x69206b, 0x6f2066, 0x6f5f79, 0x69636e, 0x69746f, 0x60656c,
	0x64696d, 0x3c2029, 0x5f2865, 0x72625f, 0x203b30, 0x28666f, 0x26203d, 0x0a3b70,
	0x0a736e, 0x3d2079, 0x5f6970, 0x706179, 0x363030, 0x656261, 0x696c74, 0x696373,
	0x296564, 0x656c6f, 0x23090a, 0x6c625f, 0x202e29, 0x202029, 0x695f6c, 0x702d76,
	0x6f6f63, 0x746562, 0x6c6574, 0x206f6f, 0x3a273b, 0x612720, 0x6e5f73, 0x6e5f72,
	0x202e67, 0x616e28, 0x262874, 0x636566, 0x636976, 0x2c726f, 0x742077, 0x645f72,
	0x746965, 0x616d6f, 0x672073, 0x696c66, 0x672824, 0x742070, 0x696628, 0x0a2e67,
	0x73756e, 0x65766c, 0x636f6d, 0x632e73, 0x682f73, 0x2e6564, 0x0a7373, 0x296574,
	0x6e2820, 0x2c796c, 0x742865, 0x742e74, 0x0a6874, 0x612220, 0x3d2066, 0x0a7469,
	0x33206e, 0x2e7373, 0x222070, 0x6c5f64, 0x736060, 0x775f65, 0x2f7364, 0x6c7320,
	0x602072, 0x643e2d, 0x622066, 0x635f6f, 0x6e6e75, 0x3c2065, 0x736f20, 0x6f6e2d,
	0x703a20, 0x736365, 0x61090a, 0x090a73, 0x2f7469, 0x626f3e, 0x286c6c, 0x202060,
	0x772066, 0x20786f, 0x696e61, 0x6e6169, 0x627265, 0x746963, 0x3d2078, 0x68775f,
	0x72742d, 0x202a73, 0x697328, 0x756a20, 0x6f7078, 0x2f3a73, 0x207370, 0x65625f,
	0x29286e, 0x70755f, 0x616d2e, 0x22203a, 0x6f656d, 0x696873, 0x6d202a, 0x6e6922,
	0x5d315b, 0x726f62, 0x695f68, 0x297469, 0x0a295d, 0x6c2a20, 0x222865, 0x6f662d,
	0x722067, 0x64206c, 0x61603a, 0x3c2069, 0x767274, 0x655f73, 0x756f65, 0x722720,
	0x606573, 0x696c64, 0x6c6378, 0x745f73, 0x61775f, 0x67726f, 0x625f64, 0x323374,
	0x3a2072, 0x697361, 0x61776c, 0x646972, 0x61643a, 0x3b7465, 0x6c6f20, 0x6f7269,
	0x6f090a, 0x303032, 0x282820, 0x2b2073, 0x6f6374, 0x656e3e, 0x286567, 0x6f657a,
	0x297428, 0x276e5c, 0x65726c, 0x603a61, 0x615f73, 0x73756a, 0x61203a, 0x69766e,
	0x776c61, 0x626f28, 0x5f3233, 0x3d2b20, 0x20312d, 0x732628, 0x617009, 0x697773,
	0x615f79, 0x230a29, 0x2d676e, 0x617275, 0x67616e, 0x297972, 0x616c62, 0x292928,
	0x610a0a, 0x0a6564, 0x766972, 0x2e6c61, 0x292974, 0x735f68, 0x726163, 0x656976,
	0x270a6c, 0x642068, 0x696963, 0x772061, 0x610909, 0x292864, 0x5f7961, 0x696c28,
	0x20603e, 0x796164, 0x6c2066, 0x762064, 0x2d746e, 0x222073, 0x696767, 0x0a3d3d,
	0x642078, 0x657774, 0x77090a, 0x696b6f, 0x3e2d78, 0x626f65, 0x696609, 0x2c6567,
	0x6d090a, 0x090a64, 0x612023, 0x617078, 0x29657a, 0x735f70, 0x2d6863, 0x657061,
	0x697661, 0x73646c, 0x676920, 0x756228, 0x697520, 0x69662e, 0x637469, 0x622820,
	0x736967, 0x33746e, 0x697309, 0x747374, 0x696e6e, 0x736576, 0x6e202a, 0x2c226e,
	0x5f6d65, 0x745f79, 0x646578, 0x746060, 0x65642d, 0x632228, 0x732e65, 0x732868,
	0x6d3e2d, 0x687470, 0x73203e, 0x643a20, 0x707368, 0x206867, 0x6d6e6f, 0x645f67,
	0x3d7373, 0x287461, 0x70612e, 0x665f69, 0x292964, 0x74636f, 0x735f6c, 0x6c6168,
	0x73202e, 0x66603a, 0x206b6e, 0x642067, 0x635f20, 0x60206f, 0x206b6f, 0x203d2b,
	0x74733e, 0x68746e, 0x202930, 0x732864, 0x697272, 0x2d6564, 0x696666, 0x207069,
	0x2d6572, 0x6c6972, 0x200a7d, 0x612e73, 0x756e61, 0x65206c, 0x706970, 0x726f2e,
	0x747326, 0x612d2d, 0x776569, 0x656575, 0x5f636f, 0x637369, 0x6e6976, 0x666974,
	0x203a64, 0x202972, 0x737061, 0x6c696d, 0x695f6b, 0x6f6c61, 0x6f626d, 0x616865,
	0x766c6f, 0x742d74, 0x3d206f, 0x3c2073, 0x5f6174, 0x64202a, 0x6e2d2d, 0x73692e,
	0x6d616c, 0x6c7970, 0x672e65, 0x796320, 0x2d7461, 0x2e7363, 0x6f742d, 0x796c72,
	0x726269, 0x2d206d, 0x606e6f, 0x615f68, 0x3a3a73, 0x28243d, 0x702029, 0x6d2068,
	0x6f7474, 0x607463, 0x645f73, 0x696472, 0x2c7869, 0x3b7d0a, 0x302c30, 0x2b2b2b,
	0x666665, 0x692023, 0x736169, 0x676172, 0x6f6e72, 0x203d3e, 0x6f7470, 0x68732e,
	0x735f6b, 0x2e6575, 0x202e79, 0x5f656b, 0x5f7366, 0x5f6264, 0x67202c, 0x6f702e,
	0x705f63, 0x6d206c, 0x6f5f6c, 0x697761, 0x692029, 0x656b72, 0x6c6f68, 0x6d655f,
	0x70615f, 0x200a31, 0x0a2931, 0x2f2f20, 0x26206e, 0x726563, 0x0a796c, 0x202c76,
	0x6f6379, 0x726c61, 0x657069, 0x287075, 0x6f2620, 0x6d7970, 0x2c2a20, 0x797063,
	0x3d3e20, 0x6c7472, 0x286674, 0x65656b, 0x696520, 0x636261, 0x62603a, 0x5b7365,
	0x206e75, 0x2b2b69, 0x292929, 0x726965, 0x2c2274, 0x6e693e, 0x2a206f, 0x28736e,
	0x0a6576, 0x756c70, 0x6f6972, 0x736565, 0x3d2029, 0x5f2e74, 0x2d2067, 0x657428,
	0x0a0a2f, 0x746275, 0x0a2c6e, 0x746574, 0x3a206f, 0x0a6563, 0x77206c, 0x262031,
	0x2c3028, 0x746d66, 0x2d7365, 0x2c2929, 0x2d203d, 0x0a2967, 0x70203e, 0x622067,
	0x752820, 0x792066, 0x5f6e20, 0x766173, 0x706f2a, 0x656661, 0x3e2d79, 0x766461,
	0x202c34, 0x206928, 0x6b6174, 0x646577, 0x726572, 0x0a2e2e, 0x3a2974, 0x667461,
	0x5b203d, 0x666173, 0x203f20, 0x646f72, 0x3e2d66, 0x287374, 0x6d5f64, 0x20606e,
	0x756465, 0x2c7463, 0x200a6d, 0x3a2972, 0x706d74, 0x696475, 0x6c2067, 0x662d20,
	0x603a74, 0x3b6e65, 0x706d75, 0x3e3220, 0x6c2820, 0x635f5f, 0x222874, 0x6f6720,
	0x0a7475, 0x5f6575, 0x200a2f, 0x6e7272, 0x705f70, 0x7c2029, 0x090a7c, 0x6f6570,
	0x752079, 0x662720, 0x616d28, 0x695b73, 0x2b6920, 0x6c6e75, 0x682079, 0x226465,
	0x22206e, 0x5f6d75, 0x6c656e, 0x642720, 0x6d5f73, 0x706574, 0x207274, 0x79735f,
	0x65705f, 0x797472, 0x606074, 0x736972, 0x635f70, 0x657869, 0x746968, 0x3a676e,
	0x756f77, 0x203a6e, 0x727070, 0x2e6567, 0x616469, 0x2e796c, 0x736d20, 0x20666c,
	0x262872, 0x3d206b, 0x0a6e67, 0x632075, 0x72203a, 0x6c632e, 0x303220, 0x2d2029,
	0x6f6e28, 0x202065, 0x6f633a, 0x700a0a, 0x745f32, 0x675f20, 0x0a6562, 0x3d2061,
	0x747362, 0x79202c, 0x61663d, 0x607365, 0x286572, 0x632d2d, 0x697669, 0x5f6772,
	0x2e2928, 0x730a2f, 0x606575, 0x206b73, 0x602928, 0x672066, 0x762073, 0x74756d,
	0x0a0a5d, 0x74286e, 0x207970, 0x69626d, 0x65720a, 0x6f6272, 0x5f7665, 0x732522,
	0x68206f, 0x0a0a68, 0x2d2031, 0x73735f, 0x632e66, 0x2e7475, 0x6f6963, 0x6c7078,
	0x222872, 0x287972, 0x64603a, 0x635f68, 0x617761, 0x6f6370, 0x3e2d64, 0x282064,
	0x6f603a, 0x665f70, 0x667830, 0x5f2220, 0x705f72, 0x75715f, 0x686328, 0x646162,
	0x6c603a, 0x797479, 0x696c73, 0x687709, 0x726e5f, 0x69642d, 0x64612e, 0x6e6f2d,
	0x6f5f72, 0x63615f, 0x657a20, 0x2c6570, 0x745f66, 0x652720, 0x637265, 0x72702e,
	0x090a28, 0x736f72, 0x6c6d78, 0x6c6362, 0x2c2928, 0x5f6e75, 0x672e20, 0x676968,
	0x202520, 0x635f6c, 0x5f2074, 0x26206f, 0x61776b, 0x702865, 0x735f63, 0x0a0a3d,
	0x742720, 0x2c3220, 0x72612e, 0x2e7364, 0x686562, 0x272820, 0x676562, 0x736620,
	0x617a69, 0x6e0909, 0x202c35, 0x655f64, 0x2d6b63, 0x6c735f, 0x0a6873, 0x65727b,
	0x3a2928, 0x666666, 0x736465, 0x756665, 0x2e6c69, 0x666060, 0x2d7470, 0x613e2d,
	0x62202a, 0x726863, 0x6f662e, 0x297478, 0x732e66, 0x727028, 0x747322, 0x2f2e2e,
	0x642220, 0x6c7765, 0x65696b, 0x3a2973, 0x202967, 0x692865, 0x657075, 0x222066,
	0x276e73, 0x686373, 0x65726d, 0x202220, 0x3b6465, 0x203220, 0x72743d, 0x726509,
	0x616461, 0x662d2d, 0x626d79, 0x61655f, 0x612070, 0x5f7065, 0x69642e, 0x705f6e,
	0x732879, 0x363532, 0x672720, 0x65722f, 0x292274, 0x2c7261, 0x692d65, 0x632d65,
	0x616e2a, 0x2c2927, 0x702068, 0x692d74, 0x736d5f, 0x656564, 0x766973, 0x695f70,
	0x692720, 0x750909, 0x2a2820, 0x61706e, 0x74617a, 0x646f74, 0x60676e, 0x657374,
	0x732d65, 0x692220, 0x2d2063, 0x0a7372, 0x6e6f7a, 0x277469, 0x726709, 0x6c2079,
	0x090a6f, 0x682066, 0x6b2065, 0x6d0909, 0x20296e, 0x2d6674, 0x78203d, 0x665f66,
	0x73206b, 0x5f736f, 0x746928, 0x29226e, 0x0a226e, 0x797473, 0x745f70, 0x6e203a,
	0x5f7974, 0x725f6e, 0x70697a, 0x6e7522, 0x745f6e, 0x202764, 0x72702d, 0x203b73,
	0x286570, 0x28656e, 0x202264, 0x722d2d, 0x78652d, 0x616d3a, 0x692863, 0x622720,
	0x606c6c, 0x626f2a, 0x207325, 0x706165, 0x747520, 0x282060, 0x2c6b63, 0x706275,
	0x662068, 0x665f6b, 0x0a7361, 0x0a0a72, 0x696f6a, 0x705f28, 0x66203a, 0x227265,
	0x2c7373, 0x626563, 0x70756b, 0x73206d, 0x207366, 0x343030, 0x736f62, 0x2d2061,
	0x742e66, 0x286c6f, 0x203030, 0x797360, 0x0a2968, 0x6c656c, 0x736b6e, 0x29745f,
	0x202774, 0x662865, 0x722d65, 0x746320, 0x29726f, 0x736d72, 0x22656c, 0x3b2970,
	0x756e75, 0x735f20, 0x72702a, 0x6f7262, 0x3e2d63, 0x6b202c, 0x676663, 0x2c6572,
	0x287373, 0x2c7428, 0x2e6174, 0x737475, 0x3a6570, 0x656466, 0x646170, 0x202022,
	0x696c77, 0x746568, 0x212029, 0x33202c, 0x6d756c, 0x5f5f72, 0x622220, 0x27656c,
	0x5f5f73, 0x60600a, 0x770909, 0x612077, 0x203d3c, 0x722865, 0x3d3c20, 0x683e2d,
	0x2d656e, 0x706920, 0x737075, 0x762072, 0x736469, 0x6e7528, 0x656375, 0x292931,
	0x68632d, 0x736464, 0x3e2d67, 0x652220, 0x20292b, 0x732765, 0x615f5f, 0x73626f,
	0x3d3d0a, 0x0a3b78, 0x742422, 0x0a3a64, 0x656c79, 0x3b2928, 0x722628, 0x2e6863,
	0x3c206e, 0x626974, 0x676469, 0x2c6a62, 0x756863, 0x616e75, 0x202273, 0x2c6174,
	0x762a20, 0x616c5f, 0x322d20, 0x72756c, 0x68203d, 0x227365, 0x6d690a, 0x616c6f,
	0x79625f, 0x6e692a, 0x0a7465, 0x61622d, 0x646f20, 0x312020, 0x727b29, 0x31203a,
	0x31603a, 0x69706f, 0x67206e, 0x2c646e, 0x6e616e, 0x79636e, 0x747475, 0x5f5f60,
	0x616566, 0x6c6720, 0x73746f, 0x0a2970, 0x616e3e, 0x6d7468, 0x5f2864, 0x3a3a61,
	0x3e2d62, 0x6f633e, 0x61632e, 0x603a70, 0x61706f, 0x2e6f69, 0x2e6461, 0x746e79,
	0x646669, 0x277265, 0x297372, 0x296060, 0x632872, 0x200a30, 0x2c2765, 0x3d206d,
	0x632e74, 0x656c2d, 0x697970, 0x2d7874, 0x726f69, 0x727963, 0x6f2220, 0x6e5f5f,
	0x617022, 0x772820, 0x6c7974, 0x20662d, 0x2f7365, 0x323120, 0x616570, 0x7c0a2b,
	0x2c3030, 0x696428, 0x622e66, 0x6f646f, 0x0a3020, 0x6e5c27, 0x642023, 0x202c6a,
	0x696c6d, 0x3a746e, 0x60606c, 0x616d68, 0x202931, 0x646f62, 0x616672, 0x657260,
	0x757173, 0x2c6f70, 0x312065, 0x323030, 0x5f646d, 0x6f5f6e, 0x636973, 0x200a7c,
	0x3b7365, 0x296563, 0x702d2d, 0x722e73, 0x206c75, 0x60656d, 0x622628, 0x2d6666,
	0x292973, 0x653e2d, 0x3a6564, 0x5f796c, 0x602066, 0x70756e, 0x226e6f, 0x772068,
	0x0a746f, 0x69662a, 0x665f6f, 0x2d2b0a, 0x205d31, 0x61725f, 0x296c61, 0x660a0a,
	0x7a696d, 0x692e73, 0x262864, 0x650a0a, 0x3d656d, 0x727460, 0x636178, 0x682e74,
	0x2c6772, 0x746669, 0x747874, 0x79646f, 0x20605f, 0x0a296c, 0x697079, 0x5f6a62,
	0x6e6509, 0x702720, 0x65202a, 0x6c6d74, 0x65203a, 0x2b0a7c, 0x753e2d, 0x6f655c,
	0x616e2e, 0x0a7478, 0x67206f, 0x74666f, 0x6c6b63, 0x3a3a74, 0x626f2d, 0x20226e,
	0x0a6863, 0x3b6e72, 0x682220, 0x75623e, 0x31202d, 0x706e75, 0x2c7965, 0x65723c,
	0x203b65, 0x606073, 0x6f5f73, 0x5f6e72, 0x736b72, 0x27286c, 0x6c6365, 0x287478,
	0x746975, 0x2d6e69, 0x6e6528, 0x776572, 0x7a6972, 0x6f206d, 0x206275, 0x696c68,
	0x766172, 0x6f6d2e, 0x730a3b, 0x65642f, 0x75635f, 0x727409, 0x25203a, 0x742874,
	0x6f2865, 0x6f6672, 0x755f74, 0x72603a, 0x6f660a, 0x22222e, 0x6e6960, 0x297274,
	0x66206b, 0x206f72, 0x3b2b2b, 0x6e6176, 0x72660a, 0x692070, 0x2d6461, 0x672072,
	0x292264, 0x6e610a, 0x3a7065, 0x3b2979, 0x0a7463, 0x617475, 0x6e6c6c, 0x656c72,
	0x736928, 0x747370, 0x665f79, 0x2d2072, 0x655f6e, 0x762061, 0x31785c, 0x262868,
	0x756f6e, 0x61203e, 0x746f74, 0x2d646e, 0x0a2979, 0x632874, 0x30725f, 0x29736e,
	0x727520, 0x692061, 0x206463, 0x0a2966, 0x735f6f, 0x63706f, 0x62203e, 0x633c20,
	0x616870, 0x202927, 0x636672, 0x75615f, 0x3a6472, 0x616976, 0x6c662e, 0x70746e,
	0x63206d, 0x6b7320, 0x0a2c67, 0x242074, 0x353278, 0x3a7374, 0x6d603a, 0x3d656c,
	0x756226, 0x3a2067, 0x2d776f, 0x2e6e65, 0x616161, 0x745f67, 0x6e2720, 0x656979,
	0x20636e, 0x0a0a6e, 0x756209, 0x2e6e69, 0x0a2e6c, 0x746162, 0x2d2032, 0x69616c,
	0x736d61, 0x645f79, 0x29646e, 0x696563, 0x78742e, 0x2d6563, 0x2c322d, 0x206064,
	0x65703a, 0x20292a, 0x766f62, 0x655f67, 0x387830, 0x0a3b2b, 0x66690a, 0x6f7e60,
	0x612063, 0x786174, 0x0a7972, 0x735f5f, 0x5f6b72, 0x756f5f, 0x69666f, 0x3d7265,
	0x242065, 0x227469, 0x272720, 0x353030, 0x2d2030, 0x692022, 0x22746e, 0x202c77,
	0x60746e, 0x203b72, 0x760a0a, 0x295f5f, 0x6f6f70, 0x6f685f, 0x616428, 0x202229,
	0x296570, 0x615f70, 0x5f5f28, 0x2d6d65, 0x367830, 0x2c2965, 0x772075, 0x732077,
	0x203b29, 0x61206b, 0x28090a, 0x6d2720, 0x746569, 0x745f6b, 0x286461, 0x68090a,
	0x6d2220, 0x656974, 0x756c69, 0x6c5f6e, 0x3b296f, 0x5f7869, 0x2e6c6c, 0x617472,
	0x3d6e6f, 0x3e2d68, 0x286665, 0x61762a, 0x757472, 0x62090a, 0x202c69, 0x657470,
	0x73706f, 0x337830, 0x2c2264, 0x722874, 0x24223d, 0x6e202e, 0x0a3a27, 0x6e6d75,
	0x6d736e, 0x635f2e, 0x62203a, 0x5b2973, 0x6f7373, 0x616761, 0x657920, 0x2d6665,
	0x672068, 0x666f72, 0x696d61, 0x31725f, 0x2d6f70, 0x6d7564, 0x632d74, 0x230a3b,
	0x297475, 0x282420, 0x6d6972, 0x626f72, 0x6f725f, 0x230a65, 0x746f64, 0x656c66,
	0x756b6f, 0x6e6e69, 0x382d66, 0x297463, 0x70732d, 0x6f726f, 0x6e090a, 0x3a656d,
	0x792020, 0x613030, 0x296b63, 0x6d7366, 0x212026, 0x5f2872, 0x6f6628, 0x2a2067,
	0x726f67, 0x727022, 0x20606c, 0x697567, 0x6d5f72, 0x746175, 0x2e2960, 0x2d0a73,
	0x786528, 0x726579, 0x65726e, 0x6f6d28, 0x2c2974, 0x645f5f, 0x725f68, 0x2e0909,
	0x622d65, 0x6f633c, 0x68742d, 0x28657a, 0x666968, 0x287269, 0x3e2065, 0x732866,
	0x736562, 0x682e65, 0x203b74, 0x725f6b, 0x22656d, 0x6c2720, 0x6e2c74, 0x222072,
	0x2a0909, 0x5f736e, 0x65603a, 0x2d2033, 0x7c2067, 0x6c6d79, 0x646520, 0x766975,
	0x696562, 0x725f70, 0x733c20, 0x76655f, 0x615f72, 0x3b746e, 0x672064, 0x736e5f,
	0x2d202a, 0x756363, 0x725f6c, 0x202272, 0x645f6e, 0x0a3a6e, 0x2e6065, 0x312820,
	0x656574, 0x6f206b, 0x2d6874, 0x296772, 0x655f70, 0x2c7274, 0x623030, 0x6e2068,
	0x672061, 0x752220, 0x75203a, 0x317830, 0x73656b, 0x6e6b6e, 0x090a31, 0x5f7367,
	0x2e2973, 0x2d2062, 0x63735f, 0x2d746c, 0x5f206e, 0x685f6f, 0x32206e, 0x66206d,
	0x207820, 0x656269, 0x78696e, 0x676120, 0x6e7562, 0x65732d, 0x696d65, 0x653030,
	0x6e2220, 0x627261, 0x665f67, 0x2a2068, 0x0a2809, 0x642e66, 0x6f6d73, 0x2c6273,
	0x663030, 0x60202a, 0x2d2035, 0x655f6c, 0x74203e, 0x766f63, 0x6d5f6c, 0x206067,
	0x5f6562, 0x0a3b68, 0x3a6867, 0x687365, 0x206b65, 0x756720, 0x6c0909, 0x6f652d,
	0x742d65, 0x292020, 0x747275, 0x685f64, 0x626d6f, 0x622068, 0x705f79, 0x252220,
	0x286369, 0x726528, 0x2c7364, 0x2d2720, 0x0a2220, 0x66203e, 0x666f73, 0x635f67,
	0x656b3a, 0x656d2d, 0x0a6b63, 0x676775, 0x696168, 0x6f202e, 0x69663e, 0x6c6177,
	0x3d205f, 0x3b726e, 0x6c7563, 0x0a685f, 0x2a7463, 0x656975, 0x765f65, 0x633030,
	0x3e2064, 0x68673a, 0x676965, 0x736520, 0x6f6e22, 0x5f6060, 0x722620, 0x6e5f68,
	0x655c2d, 0x5f7864, 0x2d2034, 0x230a2f, 0x5c2d3c, 0x673a20, 0x402020, 0x2d7376,
	0x6c2063, 0x377830, 0x652060, 0x287961, 0x702e65, 0x61636e, 0x6e6963, 0x292927,
	0x7b2974, 0x383030, 0x617074, 0x705f73, 0x69676e, 0x2c6367, 0x5f646f, 0x692027,
	0x2e706f, 0x635f6b, 0x2e672e, 0x722068, 0x676962, 0x64203a, 0x666520, 0x752228,
	0x202c36, 0x722063, 0x692077, 0x0a230a, 0x747269, 0x200a78, 0x6e652a, 0x206970,
	0x2a2061, 0x5f2720, 0x726167, 0x2c6c61, 0x69642f, 0x662e74, 0x6c6328, 0x2c6e69,
	0x32725f, 0x735f2e, 0x6f732e, 0x7b2420, 0x0a6567, 0x6c612d, 0x2c2774, 0x6f632f,
	0x0a2978, 0x68206c, 0x5b7667, 0x205d30, 0x6f7661, 0x2b2020, 0x636967, 0x0a3b66,
	0x3a6f72, 0x702d74, 0x666464, 0x3d7365, 0x616060, 0x67656c, 0x727062, 0x656e75,
	0x292870, 0x2e3220, 0x652023, 0x7c0a7c, 0x29706f, 0x742e65, 0x2f6e69, 0x272865,
	0x343674, 0x6c090a, 0x617060, 0x2e5d69, 0x662029, 0x722e66, 0x747327, 0x0a7962,
	0x206220, 0x6f2628, 0x656728, 0x606874, 0x2f6772, 0x0a3b69, 0x202c38, 0x645f66,
	0x296461, 0x2c736c, 0x667573, 0x736f6f, 0x296567, 0x20296c, 0x29746c, 0x6b3a20,
	0x2d6060, 0x5f6b6e, 0x207861, 0x347830, 0x2d2036, 0x3d7c20, 0x68770a, 0x6d6d69,
	0x696c62, 0x75202a, 0x682e73, 0x36746e, 0x2d2038, 0x696167, 0x6c5f73, 0x736369,
	0x706168, 0x0a7c7c, 0x6c7465, 0x203d7c, 0x735f78, 0x6f2029, 0x373030, 0x642063,
	0x6f5f6b, 0x612022, 0x615f63, 0x706320, 0x722023, 0x65203e, 0x705f5b, 0x756c66,
	0x2e776f, 0x736974, 0x643030, 0x2d6c61, 0x2e646e, 0x5c2220, 0x662d74, 0x68632e,
	0x61642e, 0x756874, 0x3a7865, 0x29090a, 0x717320, 0x6e6b20, 0x6f5f68, 0x657970,
	0x2d2039, 0x656e6c, 0x0a3b67, 0x0a2963, 0x705f6f, 0x6f6d79, 0x695f63, 0x772023,
	0x5f3436, 0x725f79, 0x22206d, 0x65706c, 0x61762e, 0x29276e, 0x742029, 0x2d726f,
	0x6b6c61, 0x656e61, 0x0a2e2a, 0x74756c, 0x796c69, 0x652d3c, 0x6f7072, 0x6d203e,
	0x695f76, 0x2c6461, 0x74203b, 0x6d6873, 0x635f63, 0x202720, 0x6c7263, 0x643c20,
	0x6c7274, 0x727570, 0x2d2037, 0x696c22, 0x30785c, 0x636f20, 0x0a3b63, 0x776b2a,
	0x696c2e, 0x603e73, 0x2f203b, 0x705f6c, 0x727564, 0x2e6675, 0x200a63, 0x276465,
	0x637366, 0x75676e, 0x6f736a, 0x2e6072, 0x3b7265, 0x616322, 0x616564, 0x745f68,
	0x3b7374, 0x692228, 0x646e66, 0x616809, 0x5f7966, 0x626168, 0x326563, 0x797272,
	0x765f74, 0x726e3e, 0x657370, 0x203320, 0x5f6c72, 0x696e65, 0x6b2a20, 0x6e6669,
	0x286f66, 0x706f26, 0x60207c, 0x727462, 0x697528, 0x2d7463, 0x675f64, 0x652068,
	0x20726e, 0x6a6f72, 0x712065, 0x343630, 0x262032, 0x665f68, 0x2c7472, 0x687422,
	0x696761, 0x286664, 0x797460, 0x333030, 0x647469, 0x286365, 0x206e20, 0x220909,
	0x202922, 0x63206b, 0x6f6409, 0x696269, 0x666c72, 0x6b2074, 0x6d5f5f, 0x6e5c73,
	0x6c2220, 0x2d2078, 0x747075, 0x727970, 0x6f6e6f, 0x632077, 0x6c736e, 0x756f3e,
	0x2e7461, 0x702e74, 0x786f72, 0x6e7365, 0x2c7667, 0x6f2070, 0x3a736e, 0x0a2961,
	0x7c2073, 0x752067, 0x797474, 0x6f740a, 0x202763, 0x626261, 0x62615f, 0x732070,
	0x200a70, 0x665f6c, 0x732228, 0x292820, 0x76090a, 0x0a2a2a, 0x636060, 0x3b6e6f,
	0x6b6373, 0x3a6b63, 0x202960, 0x6e6f66, 0x205d5b, 0x735f62, 0x202730, 0x705f6d,
	0x0a7375, 0x675f5f, 0x090a6c, 0x286576, 0x0a2932, 0x696320, 0x2e6769, 0x5f6870,
	0x202a64, 0x2d736c, 0x633a0a, 0x6f6c60, 0x32203d, 0x6d203a, 0x5f7965, 0x202c37,
	0x642f3c, 0x726970, 0x65730a, 0x230a68, 0x2d656d, 0x696b72, 0x3e7465, 0x6f6c28,
	0x786509, 0x353532, 0x0a6565, 0x79743a, 0x75725f, 0x397830, 0x616579, 0x2c746c,
	0x292972, 0x27206e, 0x6f662f, 0x5f2874, 0x726765, 0x222773, 0x656d2e, 0x602074,
	0x202074, 0x702e66, 0x296863, 0x657360, 0x706f6c, 0x6d6174, 0x722d20, 0x2c7461,
	0x7d0a7d, 0x297269, 0x702628, 0x662023, 0x206672, 0x090a72, 0x682067, 0x0a6e72,
	0x627830, 0x675f70, 0x3b2963, 0x756873, 0x3c2072, 0x6d6573, 0x72703e, 0x292930,
	0x70206d, 0x646309, 0x736f6e, 0x2e6570, 0x606574, 0x736f60, 0x736f74, 0x6f5f67,
	0x6c2d74, 0x2c7470, 0x393030, 0x766965, 0x277365, 0x2c7865, 0x2c6065, 0x5c7325,
	0x65686e, 0x657221, 0x296e69, 0x6c5f79, 0x726e75, 0x7b090a, 0x3b656d, 0x615f6e,
	0x735f6d, 0x2f6e6f, 0x2d5b20, 0x763e2d, 0x5d5b20, 0x686e69, 0x646562, 0x642022,
	0x3a3a6f, 0x6f736e, 0x202a72, 0x202766, 0x6d6d75, 0x2e7472, 0x2f7269, 0x5f7272,
	0x6d7820, 0x297272, 0x752066, 0x72772e, 0x0a3b79, 0x72653e, 0x230a23, 0x223d74,
	0x67696d, 0x20636f, 0x696727, 0x2c276e, 0x6f6765, 0x632620, 0x786567, 0x68207c,
	0x2d6565, 0x272872, 0x69203e, 0x6f7372, 0x657424, 0x3a2079, 0x657327, 0x680909,
	0x65732a, 0x3b656e, 0x74202d, 0x672e74, 0x6d7328, 0x0a0a64, 0x625f73, 0x756e60,
	0x786973, 0x3e2d69, 0x202c39, 0x6a6275, 0x3b6469, 0x697078, 0x5f6761, 0x79740a,
	0x626d61, 0x75706d, 0x5f7375, 0x657322, 0x656c6b, 0x28706f, 0x63636f, 0x7d2031,
	0x3b2978, 0x656e28, 0x6c7570, 0x2c657a, 0x736c20, 0x656824, 0x286575, 0x616664,
	0x702060, 0x6e3d74, 0x612e65, 0x6d5f68, 0x726262, 0x282068, 0x725f67, 0x752061,
	0x6f2e74, 0x637830, 0x682a20, 0x637475, 0x65682e, 0x706f2d, 0x666573, 0x29286b,
	0x0a2c6c, 0x3b2927, 0x6e2023, 0x757328, 0x656c28, 0x76656e, 0x652e73, 0x695f67,
	0x2d7475, 0x607473, 0x69646b, 0x343075, 0x3c2064, 0x3b6920, 0x727765, 0x2c7272,
	0x6f203a, 0x6c203a, 0x3d2062, 0x646970, 0x676f74, 0x6f702d, 0x742864, 0x796d20,
	0x74693e, 0x262866, 0x602067, 0x632864, 0x682d2d, 0x2d2070, 0x76206c, 0x72203e,
	0x2d6f66, 0x662e66, 0x61682d, 0x6f6877, 0x767069, 0x287869, 0x0a3b61, 0x625f6c,
	0x5f6c65, 0x0a3b22, 0x207165, 0x696f3e, 0x705f68, 0x77202e, 0x646975, 0x6f6c6e,
	0x756d69, 0x625f79, 0x656d09, 0x0a6461, 0x797463, 0x5f5b29, 0x722e65, 0x6f636b,
	0x75732f, 0x0a7974, 0x20276e, 0x736160, 0x6b7420, 0x6e652d, 0x6f6327, 0x296665,
	0x5f6765, 0x6f766e, 0x73636f, 0x61630a, 0x262061, 0x6d3a0a, 0x702023, 0x2e603e,
	0x292879, 0x69662f, 0x30203e, 0x206772, 0x656822, 0x616e73, 0x687309, 0x616720,
	0x645f6c, 0x6b6f72, 0x737320, 0x222867, 0x6e6927, 0x74683c, 0x742063, 0x716574,
	0x0a6d6f, 0x286464, 0x617474, 0x73286c, 0x69732e, 0x762079, 0x282422, 0x2e6074,
	0x747568, 0x200a32, 0x622d2d, 0x646964, 0x727428, 0x202d0a, 0x6d5f20, 0x207363,
	0x6c6867, 0x68202a, 0x286775, 0x72652e, 0x6d6874, 0x292774, 0x606030, 0x67203a,
	0x696f2e, 0x726e2e, 0x6e6173, 0x206068, 0x6d696d, 0x726173, 0x6b2a2a, 0x6f6a2e,
	0x60605f, 0x3d7461, 0x3a7261, 0x206674, 0x6c622d, 0x646469, 0x696674, 0x776f20,
	0x20706c, 0x6d6120, 0x26206b, 0x202963, 0x0a7367, 0x302e30, 0x357830, 0x61642a,
	0x6d6f68, 0x692078, 0x662228, 0x77203a, 0x69643c, 0x61632d, 0x2a206d, 0x2c6863,
	0x742420, 0x722060, 0x2e2220, 0x69663a, 0x207368, 0x776120, 0x606072, 0x2c7478,
	0x296a62, 0x707069, 0x20610a, 0x6c2e66, 0x6c6f65, 0x206367, 0x636b63, 0x0a2c79,
	0x612870, 0x297865, 0x6c5f20, 0x6f7328, 0x616272, 0x68732d, 0x202970, 0x202966,
	0x732e72, 0x202731, 0x206079, 0x743a63, 0x6d5f6e, 0x61622e, 0x696c2a, 0x740a2e,
	0x696361, 0x65742f, 0x637473, 0x796369, 0x272072, 0x656b28, 0x646620, 0x6f742e,
	0x202073, 0x61735f, 0x705f6b, 0x202f20, 0x0a3a67, 0x3a207c, 0x672e2f, 0x655f79,
	0x705f2e, 0x625f6e, 0x692e74, 0x6f2874, 0x6e697a, 0x642d2d, 0x0a0a60, 0x706f2e,
	0x6e5f67, 0x312728, 0x792074, 0x287061, 0x286174, 0x642060, 0x737069, 0x6f2d64,
	0x6c7261, 0x602061, 0x202762, 0x343436, 0x2d7465, 0x666b63, 0x272064, 0x772a20,
	0x606031, 0x5f5f6e, 0x3d746e, 0x6c2e73, 0x65762d, 0x696f09, 0x696462, 0x637269,
	0x6e692f, 0x286769, 0x652e66, 0x657830, 0x635f66, 0x6e3d65, 0x742e73, 0x73207c,
	0x2d0a0a, 0x762820, 0x75732d, 0x617830, 0x72742e, 0x736b73, 0x656e2a, 0x6e2067,
	0x647830, 0x0a6570, 0x6d6d61, 0x287970, 0x662063, 0x61202d, 0x69622f, 0x6c6461,
	0x625f70, 0x202761, 0x74752e, 0x77726f, 0x662874, 0x647970, 0x252228, 0x722222,
	0x5f6569, 0x737020, 0x705f0a, 0x6c7567, 0x797428, 0x0a646f, 0x2c2272, 0x7b2074,
	0x75667d, 0x757322, 0x0a296f, 0x657362, 0x393939, 0x293128, 0x74692e, 0x70732e,
	0x752720, 0x656c3e, 0x702d20, 0x73202d, 0x756765, 0x702863, 0x682061, 0x702864,
	0x683c20, 0x696670, 0x672a20, 0x6f5f77, 0x6f6d74, 0x2e7470, 0x3a2074, 0x302e31,
	0x72700a, 0x796260, 0x74635f, 0x2c2772, 0x747378, 0x616577, 0x632873, 0x69685f,
	0x652d2d, 0x5f6e61, 0x0a7472, 0x2d736e, 0x286669, 0x626f7e, 0x726963, 0x757272,
	0x612a2a, 0x5f603e, 0x205d65, 0x603a6f, 0x75622a, 0x707e60, 0x2e3120, 0x2e7261,
	0x2a656d, 0x697920, 0x696422, 0x6c202a, 0x725f6f, 0x2e3020, 0x5f6d61, 0x6e665f,
	0x5f6f66, 0x657422, 0x303130, 0x272727, 0x707572, 0x770a0a, 0x393538, 0x745f6c,
	0x656460, 0x2c7072, 0x2c3320, 0x202979, 0x202732, 0x2d6c6c, 0x6f6324, 0x262020,
	0x6c5f72, 0x612e72, 0x747061, 0x3b292a, 0x617772, 0x662e73, 0x206c72, 0x69202d,
	0x766573, 0x75732e, 0x702620, 0x353838, 0x206e67, 0x2c7369, 0x636962, 0x682820,
	0x202729, 0x68630a, 0x696e67, 0x6d695f, 0x5f7364, 0x745f34, 0x706609, 0x755f64,
	0x74692a, 0x203a67, 0x3b2961, 0x6f6f67, 0x747574, 0x6f2d65, 0x296e2c, 0x6f6627,
	0x206520, 0x732870, 0x656e2e, 0x66695f, 0x2e2720, 0x2c2773, 0x67203e, 0x29726e,
	0x5f6c73, 0x77206b, 0x277463, 0x646172, 0x202772, 0x226574, 0x297364, 0x6c6565,
	0x6e203e, 0x33603a, 0x28202a, 0x65642a, 0x696f2a, 0x646275, 0x635f6d, 0x206773,
	0x2c7228, 0x656d28, 0x79702f, 0x6c7572, 0x293220, 0x657861, 0x223d65, 0x69643e,
	0x207761, 0x662077, 0x607465, 0x622060, 0x635f77, 0x2c3031, 0x0a2920, 0x602820,
	0x6e2865, 0x2e746f, 0x297965, 0x6f7361, 0x23230a, 0x203a31, 0x645f70, 0x6f7428,
	0x616622, 0x322020, 0x69772d, 0x616e74, 0x0a7364, 0x726575, 0x712620, 0x707375,
	0x6f5f66, 0x207864, 0x0a6065, 0x662d73, 0x28776f, 0x687409, 0x606022, 0x353275,
	0x287963, 0x656d72, 0x276127, 0x2f2e20, 0x230909, 0x756f74, 0x5f3265, 0x656d67,
	0x696c2f, 0x6d5f79, 0x692e66, 0x3c203e, 0x696060, 0x206466, 0x2d2b20, 0x5f726e,
	0x5f5f27, 0x6d7209, 0x6e650a, 0x2e676f, 0x6b2072, 0x292765, 0x762066, 0x672d2d,
	0x29312d, 0x2e742c, 0x72622d, 0x69672f, 0x78652a, 0x206063, 0x6f7264, 0x697370,
	0x2e6d65, 0x736b6f, 0x3e2073, 0x687265, 0x726f28, 0x612061, 0x6c6361, 0x69705f,
	0x29296e, 0x756361, 0x69746d, 0x656409, 0x2a206c, 0x67603a, 0x682720, 0x65742d,
	0x64665f, 0x616261, 0x207669, 0x275f5f, 0x69666b, 0x207665, 0x736172, 0x726d79,
	0x695f6f, 0x65202e, 0x646f6f, 0x6f6e0a, 0x6c6309, 0x6b7369, 0x262067, 0x6f2022,
	0x6f2023, 0x5d312d, 0x22676e, 0x696622, 0x3a0a0a, 0x695f6e, 0x0a5f5f, 0x616328,
	0x5f6773, 0x203a79, 0x206169, 0x6f6520, 0x69732d, 0x6d2e73, 0x3a6563, 0x653e32,
	0x617061, 0x72706f, 0x72646c, 0x2c6466, 0x676175, 0x616e68, 0x61623e, 0x0a2265,
	0x696c60, 0x200a2b, 0x617573, 0x697374, 0x672820, 0x737e60, 0x695f20, 0x7c2074,
	0x616d2f, 0x625f72, 0x69796c, 0x627320, 0x777373, 0x61767b, 0x5c2022, 0x5f2620,
	0x6f5f70, 0x6b2020, 0x76203d, 0x6f6475, 0x3b6174, 0x6f7362, 0x6e752d, 0x71696e,
	0x292227, 0x3b6874, 0x202734, 0x766968, 0x306060, 0x2c7061, 0x642e74, 0x637072,
	0x6f6e2e, 0x20646d, 0x2b2074, 0x737820, 0x2c2764, 0x755f79, 0x3b7473, 0x20226f,
	0x672079, 0x612e74, 0x692d2d, 0x6f3e20, 0x5f6263, 0x645f62, 0x34312e, 0x632076,
	0x6f7773, 0x202323, 0x73286b, 0x676761, 0x656563, 0x756628, 0x202222, 0x090a3e,
	0x656963, 0x2e7961, 0x3b7475, 0x22656e, 0x722228, 0x2c6074, 0x2c2973, 0x6c675f,
	0x6f0a0a, 0x7d7b20, 0x775f73, 0x652d20, 0x5e6461, 0x675f5b, 0x3a746c, 0x285f20,
	0x2e2965, 0x3d6469, 0x60606e, 0x657377, 0x6d6563, 0x202e2a, 0x206775, 0x7a616c,
	0x0a5e5e, 0x3a6567, 0x747074, 0x697774, 0x722077, 0x755f73, 0x726365, 0x752a20,
	0x206f20, 0x207d20, 0x6b6e61, 0x2d2079, 0x726468, 0x742824, 0x2e7865, 0x296565,
	0x692874, 0x3e2d6e, 0x0a6b72, 0x696b74, 0x226461, 0x75206c, 0x617026, 0x657961,
	0x6c2068, 0x0a2e6b, 0x0a2c78, 0x736962, 0x207320, 0x656b2a, 0x3b726f, 0x2e090a,
	0x3d6874, 0x287475, 0x607274, 0x746176, 0x2c6d65, 0x2e746c, 0x7c2065, 0x6f2720,
	0x7c2022, 0x0a6469, 0x3d6564, 0x3a3a72, 0x732d74, 0x727320, 0x222866, 0x0a2e6d,
	0x61633e, 0x736f63, 0x79206e, 0x20702d, 0x646968, 0x736963, 0x5f6c69, 0x0a2c6f,
	0x2b2065, 0x662e65, 0x34202c, 0x6d2023, 0x607469, 0x652022, 0x363120, 0x6e6874,
	0x606c61, 0x270a74, 0x722128, 0x3a3a78, 0x3a2927, 0x200a33, 0x662070, 0x77603a,
	0x696c72, 0x77203d, 0x0a2c31, 0x61683e, 0x3a3b74, 0x0a3a30, 0x792072, 0x616d2d,
	0x203a3b, 0x6e657a, 0x746177, 0x272066, 0x0a2c68, 0x2c7269, 0x766577, 0x203a66,
	0x6e2e73, 0x627328, 0x226573, 0x72755f, 0x6c6967, 0x756820, 0x3e7669, 0x632e72,
	0x61682e, 0x200a77, 0x2f202c, 0x0a7261, 0x203a29, 0x0a646c, 0x5f2029, 0x2e646f,
	0x772220, 0x6f6326, 0x202231, 0x706c61, 0x3b657a, 0x2e302e, 0x656970, 0x726e20,
	0x262068, 0x61742e, 0x20626f, 0x756372, 0x2e6c6f, 0x273d65, 0x2e202c, 0x727066,
	0x702872, 0x6e5f66, 0x617765, 0x0a3b6f, 0x646b6d, 0x6d6f6f, 0x3a3020, 0x682068,
	0x202978, 0x68203a, 0x202a2a, 0x622d20, 0x226060, 0x7a696e, 0x702e72, 0x615f67,
	0x2c2730, 0x2c6665, 0x727422, 0x656422, 0x62612e, 0x6e5f70, 0x202e6c, 0x697664,
	0x202c7d, 0x766165, 0x2f2720, 0x725f5f, 0x202738, 0x72207c, 0x665f6d, 0x745f78,
	0x797465, 0x203c3c, 0x73722e, 0x5f5f5f, 0x7b202c, 0x6c5f6f, 0x203b6e, 0x603a6e,
	0x706f3a, 0x796c62, 0x616e2d, 0x69772e, 0x29286c, 0x0a3e76, 0x756e28, 0x270a29,
	0x3a7269, 0x272022, 0x202064, 0x622023, 0x646c61, 0x606028, 0x0a296b, 0x3a2068,
	0x792065, 0x292272, 0x616d60, 0x657a6f, 0x2d2022, 0x627970, 0x606570, 0x616660,
	0x0a3b6d, 0x6f7a69, 0x6c6173, 0x28636f, 0x726109, 0x7a6f72, 0x2e7974, 0x287367,
	0x20622d, 0x6f6363, 0x6f6967, 0x6c5f78, 0x6b6f5f, 0x200a5f, 0x203a60, 0x617664,
	0x286f6e, 0x2d6567, 0x615f6c, 0x6c5f63, 0x230a2e, 0x74733c, 0x756573, 0x6f7765,
	0x70752e, 0x6d746e, 0x75203d, 0x675f67, 0x757169, 0x65635f, 0x6f6c09, 0x202733,
	0x2d2d09, 0x7b2928, 0x72202e, 0x203265, 0x6e603a, 0x646628, 0x692069, 0x20206e,
	0x6d756d, 0x203a32, 0x32603a, 0x687472, 0x617773, 0x646174, 0x0a2962, 0x726665,
	0x5b203a, 0x696f26, 0x757270, 0x6f6666, 0x0a6f64, 0x0a3b3b, 0x6e5f6b, 0x296328,
	0x6f2077, 0x205d33, 0x2e6d61, 0x295d31, 0x656c6e, 0x2e6666, 0x090a79, 0x682422,
	0x6d206d, 0x685f73, 0x775f20, 0x697672, 0x627326, 0x6d6e75, 0x700a3b, 0x333078,
	0x72662e, 0x787878, 0x297472, 0x5f636e, 0x2d090a, 0x6c7173, 0x2e6528, 0x662872,
	0x6f6c74, 0x2e6576, 0x252022, 0x646109, 0x6f7261, 0x2c6072, 0x652e65, 0x6c7375,
	0x3a646e, 0x6f722e, 0x732022, 0x767b29, 0x5f6378, 0x797021, 0x5e5e0a, 0x722e74,
	0x202736, 0x295d30, 0x796c73, 0x29736c, 0x313075, 0x0a0a5e, 0x620a0a, 0x79707e,
	0x642865, 0x617674, 0x0a2909, 0x3e2d6b, 0x0a0a31, 0x635f78, 0x207020, 0x65206d,
	0x646579, 0x32312e, 0x615f6b, 0x6e5c22, 0x727469, 0x78696d, 0x746173, 0x2c6365,
	0x6c5f66, 0x202932, 0x296f70, 0x3b2976, 0x616d2a, 0x733a20, 0x647274, 0x616d09,
	0x203a30, 0x0a0a33, 0x702228, 0x2d746f, 0x736578, 0x297828, 0x705f67, 0x665f5f,
	0x666c61, 0x275b20, 0x632420, 0x200a69, 0x2c303d, 0x79742d, 0x775f72, 0x6f640a,
	0x3e206e, 0x707366, 0x702160, 0x0a746c, 0x612027, 0x29222e, 0x746f68, 0x5f6669,
	0x202737, 0x63280a, 0x79786f, 0x69742e, 0x5f666c, 0x203434, 0x622865, 0x745f20,
	0x645f69, 0x3d7372, 0x0a0a32, 0x287372, 0x2e6f66, 0x297461, 0x74682e, 0x72676b,
	0x672e73, 0x726f6f, 0x20652d, 0x66736e, 0x6e7369, 0x206f67, 0x60605d, 0x62635f,
	0x637362, 0x72206d, 0x292867, 0x656760, 0x0a7865, 0x3a7372, 0x697509, 0x6d7420,
	0x702d79, 0x757473, 0x0a0a30, 0x3a6c61, 0x0a3e74, 0x606465, 0x682e6c, 0x69622d,
	0x2e6565, 0x6c663e, 0x737065, 0x6d5f70, 0x2d6e65, 0x205d32, 0x227473, 0x2e6365,
	0x756472, 0x2e6520, 0x672e66, 0x287165, 0x297869, 0x647475, 0x313032, 0x6e752e,
	0x0a2e68, 0x656b2e, 0x207074, 0x0a7272, 0x73203b, 0x5f626f, 0x205d74, 0x625f20,
	0x613c20, 0x6d5f6f, 0x2f6120, 0x262878, 0x2d2d27, 0x203a63, 0x6d6060, 0x5f736c,
	0x0a7466, 0x72632e, 0x303038, 0x616e6c, 0x682e66, 0x696b20, 0x33312e, 0x5b205d,
	0x2f2f2f, 0x756e67, 0x2c6565, 0x296572, 0x0a6966, 0x343078, 0x706f66, 0x682060,
	0x5f6d72, 0x627570, 0x70635f, 0x612865, 0x702063, 0x6c6577, 0x697573, 0x27656d,
	0x737274, 0x786560, 0x6b6168, 0x297328, 0x2c5d30, 0x6f3a20, 0x737565, 0x64655f,
	0x6d756a, 0x656566, 0x75745f, 0x2c706f, 0x297373, 0x797a61, 0x326168, 0x736420,
	0x29286f, 0x3b6570, 0x732d20, 0x6c6672, 0x3b7075, 0x202a6e, 0x726628, 0x2d0909,
	0x2e5f5f, 0x706f6e, 0x2a6469, 0x5b736d, 0x3b2962, 0x2c6761, 0x65682d, 0x61785c,
	0x69646c, 0x64616d, 0x6c5f6b, 0x2d206c, 0x286d65, 0x33725f, 0x742873, 0x75603a,
	0x732e62, 0x262879, 0x282079, 0x203b64, 0x276e61, 0x6c7961, 0x645f20, 0x645f68,
	0x696d28, 0x6d7261, 0x206070, 0x742628, 0x66722d, 0x5f2e65, 0x272074, 0x656a6f,
	0x207963, 0x0a2c30, 0x3b656c, 0x6e0a0a, 0x742022, 0x75663d, 0x2d2060, 0x756f2e,
	0x6c6628, 0x617372, 0x287065, 0x762d2d, 0x686364, 0x0a6174, 0x5f6370, 0x647565,
	0x786522, 0x207b09, 0x203a6c, 0x772029, 0x6c2d65, 0x675f6f, 0x677067, 0x612728,
	0x772720, 0x68732f, 0x3a7369, 0x64206d, 0x67207c, 0x2e6c65, 0x61622f, 0x695f2e,
	0x28796c, 0x206172, 0x606064, 0x0a292b, 0x616d0a, 0x6d6978, 0x0a5d5b, 0x737509,
	0x632e70, 0x6f732a, 0x5b7374, 0x35312e, 0x732120, 0x202968, 0x672228, 0x73276e,
	0x0a2c66, 0x657427, 0x617067, 0x22207b, 0x616372, 0x27646e, 0x297261, 0x61732d,
	0x736128, 0x61702f, 0x6f6622, 0x3b6574, 0x727424, 0x23202c, 0x2b2029, 0x69636f,
	0x2c6576, 0x7b296e, 0x202735, 0x74736c, 0x27286e, 0x6d2865, 0x656828, 0x0a0a6c,
	0x202739, 0x3b7478, 0x282026, 0x2d6873, 0x6c706e, 0x6f7028, 0x5f6e09, 0x777320,
	0x722e72, 0x27090a, 0x206420, 0x3d0a73, 0x3a0a65, 0x386f73, 0x2c7366, 0x2f6d6f,
	0x203a34, 0x5f7372, 0x626577, 0x647561, 0x262062, 0x3a3a6b, 0x632069, 0x742d2d,
	0x2d6369, 0x3d7473, 0x2a2a2f, 0x6c2e65, 0x252073, 0x6c223d, 0x262079, 0x665f2e,
	0x2f7665, 0x28206b, 0x282067, 0x756572, 0x6f2e6e, 0x20606b, 0x732f6e, 0x227374,
	0x742f73, 0x647265, 0x696469, 0x70286e, 0x5f7275, 0x602068, 0x0a296d, 0x6e2d20,
	0x756369, 0x75616c, 0x20606f, 0x632029, 0x226575, 0x622e65, 0x6e3d73, 0x0a603e,
	0x696272, 0x757375, 0x5f5f64, 0x776b63, 0x2d7020, 0x6d6170, 0x617428, 0x5f6275,
	0x6f2d2d, 0x67202a, 0x203a61, 0x0a3030, 0x6c656d, 0x656d79, 0x262873, 0x2a2070,
	0x252065, 0x6e6164, 0x65656c, 0x6e2874, 0x296e28, 0x625f67, 0x6e6128, 0x2c6128,
	0x276577, 0x65665f, 0x735f77, 0x276572, 0x617676, 0x77206d, 0x61763e, 0x69642a,
	0x203a33, 0x6d696e, 0x637069, 0x2c6120, 0x70202d, 0x63207c, 0x2d2d5b, 0x313120,
	0x353120, 0x646465, 0x6c6973, 0x646060, 0x776b20, 0x322065, 0x63286e, 0x773e2d,
	0x2d6f74, 0x2a090a, 0x777469, 0x616d3e, 0x0a736c, 0x6f6920, 0x70742e, 0x76766e,
	0x646128, 0x742228, 0x642d74, 0x792073, 0x696460, 0x332e33, 0x6b6f76, 0x65723b,
	0x207063, 0x2e6073, 0x616228, 0x292863, 0x2a2078, 0x79742e, 0x69622e, 0x3d2076,
	0x73676f, 0x70207c, 0x34603a, 0x22726f, 0x272f27, 0x312031, 0x74696a, 0x6e2060,
	0x29796c, 0x687728, 0x6c5f68, 0x0a5d27, 0x706177, 0x6d6960, 0x6c6060, 0x703c20,
	0x5d325b, 0x3a7974, 0x2c7874, 0x200a34, 0x6d7222, 0x3e2029, 0x200a35, 0x202268,
	0x2c6773, 0x262030, 0x663a0a, 0x2f3c3e, 0x6d6e67, 0x625f6f, 0x652620, 0x62785c,
	0x3a2820, 0x230a66, 0x38386f, 0x6f6d0a, 0x312422, 0x612874, 0x6d2e66, 0x756f28,
	0x3d646e, 0x616374, 0x61722e, 0x656e09, 0x0a0a67, 0x2e6362, 0x0a6074, 0x612078,
	0x606079, 0x6e5f6e, 0x38746e, 0x5c2020, 0x5f6f63, 0x616d75, 0x6c6523, 0x696660,
	0x656e77, 0x2c3128, 0x6d2077, 0x642e73, 0x2e646c, 0x090a5d, 0x663e20, 0x30207b,
	0x61756c, 0x6d6328, 0x226567, 0x203031, 0x657379, 0x705f78, 0x5f5f63, 0x27676e,
	0x3d7478, 0x5f746d, 0x323275, 0x796170, 0x3d2020, 0x305b73, 0x746f70, 0x725f2e,
	0x296365, 0x6d5f67, 0x31312e, 0x742872, 0x0a7468, 0x622e74, 0x607970, 0x5b202c,
	0x726d61, 0x6f6361, 0x292764, 0x5f666f, 0x606b63, 0x242064, 0x732772, 0x0a3b32,
	0x69702d, 0x20226c, 0x732867, 0x322e33, 0x262078, 0x606563, 0x603e65, 0x292970,
	0x756f6d, 0x656328, 0x2e3127, 0x63785c, 0x75645f, 0x203420, 0x206870, 0x6d2f73,
	0x626320, 0x702d65, 0x756e2f, 0x6a6572, 0x206269, 0x61700a, 0x652d74, 0x2c6873,
	0x69660a, 0x617069, 0x6c2865, 0x6e6162, 0x2f6269, 0x27746e, 0x697264, 0x3b6573,
	0x7b203a, 0x70732f, 0x645f6f, 0x692628, 0x73223d, 0x657765, 0x60203a, 0x757309,
	0x706f75, 0x0a6072, 0x632d6e, 0x726561, 0x642e65, 0x652e74, 0x727060, 0x603060,
	0x296773, 0x6f706b, 0x76203a, 0x5f3161, 0x725f77, 0x656427, 0x2c6c6f, 0x696c71,
	0x74207c, 0x333075, 0x0a776f, 0x206969, 0x636d65, 0x333231, 0x2a7265, 0x3b296b,
	0x3a2265, 0x2d6472, 0x686327, 0x2d7865, 0x262063, 0x7c2064, 0x6c5f2e, 0x61706c,
	0x622077, 0x6f7472, 0x3d7974, 0x7d2030, 0x607367, 0x762870, 0x3b676e, 0x5c2029,
	0x353261, 0x722026, 0x656d73, 0x332020, 0x607461, 0x70745f, 0x207520, 0x3c2220,
	0x6c2e74, 0x676b63, 0x317265, 0x202e20, 0x2d7373, 0x632070, 0x646168, 0x212020,
	0x626c69, 0x746166, 0x292868, 0x6f2e73, 0x0a3e6c, 0x202e0a, 0x617709, 0x642077,
	0x642628, 0x5f6b73, 0x242020, 0x656722, 0x202779, 0x226874, 0x765f6e, 0x702077,
	0x2e736b, 0x206b61, 0x6c2077, 0x72652a, 0x2a206b, 0x223124, 0x765f64, 0x69670a,
	0x667970, 0x647269, 0x312720, 0x642d20, 0x322074, 0x6b6d09, 0x702873, 0x690a3b,
	0x78756e, 0x6c2d64, 0x775f6e, 0x202a79, 0x745f6d, 0x69770a, 0x626170, 0x5f7466,
	0x75636e, 0x61742f, 0x6f626c, 0x2d3935, 0x6c6379, 0x295d69, 0x69640a, 0x3e6e61,
	0x777777, 0x6c2023, 0x696f28, 0x0a2727, 0x616d6e, 0x685f68, 0x6f6c2d, 0x747363,
	0x743c20, 0x636c61, 0x6d2029, 0x206f6c, 0x6d2e74, 0x3d2031, 0x2c722a, 0x616462,
	0x386674, 0x280a2e, 0x656169, 0x2c2731, 0x3a2077, 0x707275, 0x0a0a34, 0x696228,
	0x6d0a0a, 0x64612d, 0x655f66, 0x622f73, 0x69672d, 0x665f63, 0x6e2f76, 0x615f69,
	0x6b5f74, 0x2e7075, 0x293030, 0x2c776f, 0x6d5f6b, 0x652e69, 0x655f68, 0x737528,
	0x74735b, 0x73750a, 0x3d206a, 0x273d6e, 0x685f72, 0x676162, 0x79743e, 0x312074,
	0x202230, 0x70616e, 0x6f6e27, 0x736a20, 0x65785c, 0x203165, 0x776f70, 0x775f64,
	0x696724, 0x383231, 0x666d75, 0x617774, 0x617609, 0x35202c, 0x5f5f6c, 0x615f6f,
	0x276227, 0x74690a, 0x726968, 0x296d65, 0x2a2a0a, 0x68742c, 0x697861, 0x626f69,
	0x226863, 0x287470, 0x706f65, 0x685f6e, 0x752d74, 0x746328, 0x5d3120, 0x206569,
	0x21207c, 0x202266, 0x6f2872, 0x72672e, 0x6c666d, 0x76206f, 0x666678, 0x292730,
	0x2f2220, 0x6d2063, 0x61756e, 0x5f6e77, 0x226572, 0x272864, 0x752023, 0x287069,
	0x696572, 0x2c736d, 0x20295d, 0x2d207b, 0x662022, 0x29295d, 0x762865, 0x2c2964,
	0x0a2709, 0x2a2063, 0x66696e, 0x312874, 0x202c5f, 0x2c5d31, 0x6d2e65, 0x6f2063,
	0x732078, 0x685f6c, 0x6d665f, 0x2e736d, 0x2a656c, 0x66706d, 0x705f69, 0x2a203d,
	0x732e6c, 0x3e6c6f, 0x726660, 0x2e6665, 0x616d22, 0x74746f, 0x642228, 0x6b2720,
	0x627568, 0x5b7473, 0x74705f, 0x786565, 0x69676f, 0x72206b, 0x226c61, 0x772063,
	0x230a7d, 0x2d6365, 0x272868, 0x757469, 0x222820, 0x252074, 0x270a72, 0x617672,
	0x736921, 0x65736d, 0x632128, 0x3e2d29, 0x29736f, 0x736164, 0x736d28, 0x206c6d,
	0x656164, 0x6f6d2d, 0x6c2628, 0x316275, 0x6d2628, 0x0a222e, 0x6e2228, 0x642520,
	0x692128, 0x656060, 0x6f6c2a, 0x705f77, 0x2c6220, 0x675f6e, 0x762067, 0x3b7463,
	0x0a3220, 0x6d7274, 0x5f2e72, 0x3b7d09, 0x2a2029, 0x6d5f66, 0x662078, 0x656e73,
	0x636464, 0x7b207d, 0x090a67, 0x206620, 0x7b2422, 0x626060, 0x5f736b, 0x732728,
	0x2c7974, 0x656f6e, 0x0a3531, 0x696c67, 0x312220, 0x606572, 0x727709, 0x743d65,
	0x6d7373, 0x3a6f73, 0x663d65, 0x297470, 0x3a7475, 0x227463, 0x65643e, 0x75706f,
	0x697966, 0x612873, 0x652c6e, 0x726369, 0x2d7269, 0x227972, 0x0a332e, 0x0a3a6c,
	0x652865, 0x2e2974, 0x66785c, 0x090a30, 0x286060, 0x697a20, 0x6c6128, 0x282025,
	0x675f79, 0x3d676e, 0x705f66, 0x3d2032, 0x6f650a, 0x29296c, 0x6d7473, 0x772e66,
	0x70202e, 0x645f6b, 0x3c2031, 0x5f7962, 0x606564, 0x7d2033, 0x665f20, 0x606e65,
	0x31203e, 0x207920, 0x796f72, 0x737572, 0x6f636c, 0x696b61, 0x3e090a, 0x203a35,
	0x625f68, 0x76696c, 0x0a2c70, 0x292967, 0x772070, 0x732029, 0x676465, 0x212065,
	0x772f2f, 0x73610a, 0x72776d, 0x647770, 0x607374, 0x203161, 0x67695f, 0x206f69,
	0x2c2931, 0x3b0909, 0x652063, 0x0a3031, 0x203a36, 0x6f6a20, 0x203a37, 0x277374,
	0x796765, 0x776d61, 0x226e69, 0x6d2228, 0x657224, 0x3d6c6c, 0x5f6775, 0x6f6567,
	0x0a295f, 0x296873, 0x6e5f6c, 0x6d652d, 0x277473, 0x6b6f20, 0x740a65, 0x0a3331,
	0x203131, 0x616565, 0x666f74, 0x692031, 0x630a65, 0x6c626f, 0x656a65, 0x2c2979,
	0x227269, 0x69755f, 0x655f6b, 0x0a0a63, 0x716361, 0x6e6522, 0x362e33, 0x68206d,
	0x2f2123, 0x6d2075, 0x75660a, 0x323032, 0x696c3e, 0x725f20, 0x22646e, 0x223d64,
	0x5f207b, 0x226563, 0x762874, 0x2c7961, 0x63612e, 0x6c6374, 0x6f6364, 0x203a38,
	0x617660, 0x303020, 0x206b74, 0x5f7270, 0x302065, 0x68743d, 0x5f3874, 0x746520,
	0x667220, 0x6f633d, 0x292966, 0x622e72, 0x732026, 0x202a67, 0x5b736e, 0x615f20,
	0x3b296d, 0x72616f, 0x616828, 0x3e2066, 0x3a796c, 0x6f6372, 0x785c22, 0x690a65,
	0x3a6572, 0x2c6920, 0x287765, 0x73665f, 0x6f662a, 0x2d2d28, 0x3e2d76, 0x662620,
	0x6e7374, 0x6b6166, 0x632870, 0x286b6e, 0x667465, 0x637963, 0x5e2220, 0x686377,
	0x6f6c22, 0x312073, 0x655f6f, 0x73202b, 0x287974, 0x3a3a79, 0x777309, 0x282626,
	0x3b6563, 0x090a61, 0x65620a, 0x646928, 0x626e75, 0x6c726f, 0x0a6c6f, 0x2c2972,
	0x745f62, 0x6f6e2f, 0x090a32, 0x276567, 0x20203b, 0x757163, 0x27726f, 0x293031,
	0x0a7327, 0x607472, 0x297061, 0x0a0a35, 0x74737a, 0x2d206b, 0x682e67, 0x2c2279,
	0x277478, 0x736c74, 0x2c6320, 0x6f696e, 0x7d7221, 0x696870, 0x2f2066, 0x70752d,
	0x5f2073, 0x68603a, 0x6d6f20, 0x657965, 0x63202d, 0x3a7463, 0x732160, 0x645f2e,
	0x696473, 0x766569, 0x277461, 0x756f2a, 0x372e33, 0x637e60, 0x632728, 0x202e6d,
	0x6c6873, 0x203a39, 0x6e206d, 0x2b206e, 0x62206d, 0x696773, 0x0a0a79, 0x3a206c,
	0x3a2765, 0x6e6f0a, 0x746579, 0x227472, 0x652077, 0x742620, 0x61742a, 0x2e652e,
	0x0a5c09, 0x0a656b, 0x692864, 0x690a2f, 0x2f6572, 0x692620, 0x725f62, 0x292773,
	0x6c7379, 0x286c65, 0x732f3c, 0x3d6570, 0x682e72, 0x667469, 0x726060, 0x6f6e2a,
	0x632009, 0x3e656c, 0x2c746f, 0x6a2065, 0x6c610a, 0x32203a, 0x6d7369, 0x2e7777,
	0x70616c, 0x0a7b09, 0x665f78, 0x2c7028, 0x672067, 0x622420, 0x69765f, 0x607373,
	0x5f7165, 0x347670, 0x202267, 0x756c62, 0x736175, 0x796279, 0x775f70, 0x3b646e,
	0x2c736f, 0x2f7367, 0x222067, 0x2d6d6f, 0x690a73, 0x090a68, 0x282029, 0x636720,
	0x206a62, 0x6b2073, 0x622f21, 0x2d6769, 0x5f6b6f, 0x5f2064, 0x5f6674, 0x6d6561,
	0x612a28, 0x0a3b27, 0x3a2929, 0x612228, 0x6f626e, 0x6f6564, 0x6f6060, 0x735f61,
	0x2c223e, 0x696e20, 0x727069, 0x736020, 0x333272, 0x6f2d68, 0x2d203a, 0x762720,
	0x0a0a3e, 0x696427, 0x303128, 0x6c706f, 0x2e6f6f, 0x302e32, 0x6b735f, 0x656c73,
	0x5f6172, 0x6e202d, 0x296472, 0x31746e, 0x6f6362, 0x3b6675, 0x762872, 0x6f2078,
	0x0a3431, 0x262070, 0x296c65, 0x752068, 0x757869, 0x756328, 0x20756e, 0x657460,
	0x73655f, 0x3b6564, 0x2b3d3d, 0x69732a, 0x0a2c5d, 0x6f6c70, 0x2d646c, 0x616227,
	0x6c5f5f, 0x76603a, 0x756d75, 0x5f626e, 0x675f66, 0x222864, 0x0a2e6f, 0x616222,
	0x3b5d69, 0x3b6c61, 0x745f38, 0x6e6527, 0x3a7970, 0x2c2930, 0x202768, 0x6f6660,
	0x73736e, 0x680a0a, 0x3d3d2b, 0x2e6469, 0x20642d, 0x77735f, 0x0a7961, 0x6f2128,
	0x2b2072, 0x203162, 0x6e5f77, 0x277465, 0x6f6964, 0x282128, 0x393120, 0x632026,
	0x685f79, 0x61742d, 0x78202c, 0x275c27, 0x626f6a, 0x6e6926, 0x760909, 0x707578,
	0x3e2072, 0x2f6f70, 0x24203a, 0x6d3c20, 0x65733d, 0x6e653e, 0x2e7061, 0x203231,
	0x342e33, 0x78616c, 0x0a6f6e, 0x616409, 0x200a75, 0x686322, 0x652228, 0x696d2e,
	0x61656e, 0x202232, 0x2d6974, 0x2d706f, 0x607261, 0x323320, 0x72672d, 0x652d65,
	0x687322, 0x75722e, 0x090a3d, 0x656870, 0x6e7560, 0x3e2265, 0x27302e, 0x205d27,
	0x722864, 0x692062, 0x2c226c, 0x5f6372, 0x64692e, 0x252525, 0x755f6e, 0x6d6564,
	0x2c2763, 0x606567, 0x2d666c, 0x292f20, 0x697a69, 0x74755f, 0x732d6e, 0x31656c,
	0x70203b, 0x200a62, 0x612e64, 0x30312e, 0x206372, 0x6c6f76, 0x0a2977, 0x202767,
	0x6e653a, 0x722d74, 0x6e2e66, 0x276220, 0x333372, 0x656228, 0x765f79, 0x706f60,
	0x2c6e2c, 0x0a6b61, 0x732d72, 0x226665, 0x2d603a, 0x29746f, 0x622e73, 0x2f6220,
	0x6e207c, 0x2e202e, 0x312d5b, 0x5f7263, 0x3a296e, 0x610a73, 0x20766e, 0x0a3a70,
	0x2c2761, 0x286f74, 0x745f77, 0x6f6e69, 0x206261, 0x352e33, 0x296220, 0x65676f,
	0x707465, 0x746f28, 0x5f7468, 0x616465, 0x2e7274, 0x722029, 0x6f6c72, 0x305c27,
	0x0a2c63, 0x5c0909, 0x206566, 0x6d6863, 0x293028, 0x3a6060, 0x730a65, 0x722873,
	0x0a3231, 0x756e3e, 0x296761, 0x642864, 0x607478, 0x6d2874, 0x0a6d72, 0x2c6520,
	0x606e69, 0x205d73, 0x70695f, 0x772069, 0x20606d, 0x33203d, 0x646c72, 0x203a62,
	0x3b6d65, 0x72662d, 0x60657a, 0x316060, 0x3d6575, 0x652872, 0x3c3e22, 0x61772e,
	0x0a736f, 0x6c206b, 0x0a5d30, 0x755f66, 0x796228, 0x232065, 0x692728, 0x656b6e,
	0x636520, 0x303034, 0x28746c, 0x616d27, 0x5f7664, 0x702e67, 0x5b6675, 0x230a74,
	0x682023, 0x656865, 0x732f73, 0x655f5f, 0x6d2d74, 0x675f73, 0x740a73, 0x0a6320,
	0x2c6d61, 0x675f72, 0x796361, 0x3e2d6c, 0x6c6109, 0x3b7972, 0x65762e, 0x68706c,
	0x75730a, 0x296466, 0x696c09, 0x277261, 0x6e756a, 0x20296f, 0x657364, 0x297667,
	0x73752e, 0x75712e, 0x206e66, 0x732d64, 0x272e27, 0x642d65, 0x6c612e, 0x666420,
	0x627961, 0x292772, 0x652e72, 0x692e72, 0x797365, 0x222e73, 0x6e695b, 0x302030,
	0x202e6b, 0x66755c, 0x732e70, 0x616b61, 0x0a0a69, 0x3b3b09, 0x636465, 0x3a202d,
	0x22090a, 0x6e2e65, 0x696672, 0x3d2022, 0x747366, 0x655f2e, 0x725f63, 0x202072,
	0x205d69, 0x27275c, 0x737b24, 0x666f2d, 0x276e69, 0x722872, 0x6d6326, 0x60736e,
	0x692d20, 0x226b63, 0x663d74, 0x2a7365, 0x292968, 0x63203b, 0x203a68, 0x646575,
	0x3d7367, 0x3d7469, 0x2e2064, 0x2d7367, 0x732420, 0x75712d, 0x20612d, 0x75732a,
	0x206366, 0x706309, 0x77656d, 0x612864, 0x29636e, 0x76652e, 0x656769, 0x760a3b,
	0x626164, 0x2d7274, 0x2c5f5f, 0x612d65, 0x777466, 0x705f5f, 0x305b76, 0x6f2d74,
	0x732e5d, 0x742879, 0x720a0a, 0x745f6f, 0x3d6574, 0x303278, 0x2c2268, 0x62286e,
	0x203130, 0x68633e, 0x70706f, 0x6e6166, 0x61632a, 0x676573, 0x772077, 0x77772f,
	0x3c2720, 0x73273d, 0x6d5f2e, 0x280909, 0x0a2e78, 0x616c2e, 0x276575, 0x353220,
	0x2f6465, 0x2d7472, 0x0a292f, 0x3b746c, 0x6d6765, 0x75206d, 0x6f6366, 0x292720,
	0x612075, 0x226f70, 0x2d7366, 0x252027, 0x732e67, 0x5f6367, 0x722f73, 0x75662e,
	0x5f7379, 0x202b2b, 0x7a2065, 0x2e7074, 0x277b20, 0x382e33, 0x656279, 0x782072,
	0x642620, 0x276327, 0x292222, 0x610a65, 0x297028, 0x0a6472, 0x2d2d60, 0x222068,
	0x63756f, 0x6b2066, 0x6a2074, 0x202263, 0x61766f, 0x65696e, 0x296f66, 0x6f7360,
	0x756d6d, 0x0a6f73, 0x6d7569, 0x75632e, 0x223030, 0x626f22, 0x742078, 0x65656d,
	0x762220, 0x60202d, 0x64207c, 0x28766e, 0x6d7220, 0x2c7d29, 0x303275, 0x616c28,
	0x0a322e, 0x24206e, 0x685f6b, 0x292279, 0x2c6073, 0x6a202c, 0x2c2220, 0x6f642e,
	0x323031, 0x706963, 0x650a3b, 0x3a6366, 0x2a0a60, 0x737573, 0x2c2762, 0x6c6c72,
	0x277827, 0x6c7063, 0x292268, 0x6f5f6f, 0x743d74, 0x742f2e, 0x616f72, 0x736579,
	0x2c2222, 0x296f6e, 0x2d6c6f, 0x666661, 0x3e206f, 0x202962, 0x6e286e, 0x3d2077,
	0x743d3d, 0x276f6f, 0x6f2864, 0x276563, 0x0a3131, 0x270a65, 0x292727, 0x756469,
	0x61642d, 0x642874, 0x616d61, 0x752e73, 0x617263, 0x206e2d, 0x202909, 0x75612e,
	0x752e74, 0x64785c, 0x656d2a, 0x0a3a60, 0x61732e, 0x696b69, 0x747e60, 0x303878,
	0x72656f, 0x692e65, 0x343332, 0x617027, 0x0a2820, 0x706020, 0x6d6166, 0x0a2976,
	0x5f6e67, 0x2e6b6f, 0x0a6073, 0x207362, 0x732863, 0x20732d, 0x5f6f72, 0x6f6e6c,
	0x702128, 0x756f75, 0x72742a, 0x662864, 0x6f682d, 0x3e682e, 0x2c736b, 0x632022,
	0x0a2872, 0x732009, 0x3a7469, 0x2c6769, 0x7a2072, 0x343120, 0x6e5c2e, 0x3b7272,
	0x656b2d, 0x616e79, 0x75702e, 0x2e646d, 0x615f2e, 0x636873, 0x5f6466, 0x297974,
	0x72610a, 0x617365, 0x6c2d20, 0x707970, 0x702026, 0x5f766e, 0x750a0a, 0x28202e,
	0x666928, 0x6f7409, 0x5f305f, 0x2e603a, 0x2e743d, 0x292979, 0x0a6f77, 0x6e6620,
	0x2c2738, 0x660a65, 0x222c22, 0x200a36, 0x6f2e65, 0x6d2420, 0x2c296e, 0x2a0a2e,
	0x742d64, 0x607372, 0x672023, 0x3a7367, 0x2c6f6e, 0x343665, 0x687372, 0x230a30,
	0x3e2d6a, 0x692872, 0x706f21, 0x202770, 0x206078, 0x3a7364, 0x646122, 0x702e6c,
	0x29296f, 0x75633e, 0x65622e, 0x656d0a, 0x70733c, 0x742160, 0x642e72, 0x606067,
	0x697428, 0x695b65, 0x626f09, 0x230a73, 0x6c7473, 0x696627, 0x6f6d2a, 0x5f796d,
	0x222e65, 0x2e6472, 0x297375, 0x0a6c65, 0x0a3a66, 0x704020, 0x70726f, 0x69207c,
	0x647369, 0x27206f, 0x3a6461, 0x6b2064, 0x696479, 0x293320, 0x746909, 0x765f67,
	0x3a7270, 0x786527, 0x736109, 0x0a2e70, 0x0a3d20, 0x792064, 0x5f5f6d, 0x612628,
	0x2c646f, 0x0a276e, 0x3a3120, 0x303430, 0x29636f, 0x273030, 0x287861, 0x5b656c,
	0x2a6874, 0x2d6a62, 0x73692a, 0x226564, 0x70696c, 0x656d74, 0x272d27, 0x727728,
	0x38785c, 0x2e6620, 0x206029, 0x3a2773, 0x682e6e, 0x642d6e, 0x302820, 0x687370,
	0x0a3a31, 0x737522, 0x6e612d, 0x2e2065, 0x60636f, 0x28206c, 0x662d66, 0x666873,
	0x302073, 0x203233, 0x612420, 0x632e6e, 0x725f6d, 0x0a2765, 0x62632a, 0x2d2728,
	0x6c7369, 0x612872, 0x3e3d20, 0x203e3d, 0x0a657a, 0x6c5f6c, 0x7a6162, 0x20616b,
	0x202e68, 0x732d6c, 0x697360, 0x6f2228, 0x6f203e, 0x202067, 0x3c0a3e, 0x292229,
	0x6b5f65, 0x632062, 0x726761, 0x6d2872, 0x687328, 0x670a0a, 0x5c2228, 0x277472,
	0x292e2e, 0x62202e, 0x622620, 0x746420, 0x736970, 0x313072, 0x2d7765, 0x62202b,
	0x2f6275, 0x702d6e, 0x68203e, 0x292267, 0x20382d, 0x652d6e, 0x687427, 0x6e2e74,
	0x333120, 0x732f74, 0x3b2932, 0x6c6767, 0x632d64, 0x765f73, 0x727074, 0x0a297d,
	0x0a2e77, 0x286e72, 0x702824, 0x616c72, 0x2c7376, 0x612031, 0x3c090a, 0x6f6e3e,
	0x782a20, 0x657609, 0x243d65, 0x74752d, 0x616e64, 0x726126, 0x68746c, 0x5f7377,
	0x6f6e79, 0x295d27, 0x22286e, 0x6e2872, 0x732c5d, 0x6d5f63, 0x716564, 0x760a2f,
	0x66723a, 0x697728, 0x203331, 0x61622a, 0x602079, 0x5f203a, 0x687373, 0x626d20,
	0x692d66, 0x5d5b73, 0x296c6f, 0x757327, 0x207d0a, 0x202a6c, 0x28646c, 0x6d2d2d,
	0x6c732e, 0x737765, 0x8094e2, 0x206a20, 0x636469, 0x226576, 0x287364, 0x706f22,
	0x702d64, 0x612d20, 0x75733e, 0x632e62, 0x656d22, 0x6c613e, 0x69733e, 0x756309,
	0x775f6f, 0x2d6273, 0x6e3d72, 0x3d7869, 0x0a3a63, 0x6d2d65, 0x6e750a, 0x696c79,
	0x616d3d, 0x312d39, 0x616d6c, 0x6f7422, 0x63656d, 0x60646e, 0x2e7269, 0x30286c,
	0x626127, 0x622e20, 0x633d65, 0x363174, 0x7b2066, 0x647763, 0x606f66, 0x202c2e,
	0x662e72, 0x313078, 0x687020, 0x2d206f, 0x2d7028, 0x607972, 0x287268, 0x206c73,
	0x6f790a, 0x0a7379, 0x732a2a, 0x606063, 0x2c7377, 0x6c206d, 0x653a63, 0x752077,
	0x6f2e66, 0x292220, 0x6a6461, 0x682e68, 0x27305c, 0x2d6275, 0x622f61, 0x726b61,
	0x276573, 0x0a3b62, 0x2c2727, 0x686177, 0x2e7869, 0x6e6560, 0x0a2865, 0x0a7d7b,
	0x687460, 0x0a6d65, 0x637420, 0x313172, 0x742d66, 0x2d7466, 0x3b7367, 0x337765,
	0x616d79, 0x30303a, 0x7a656d, 0x5f3631, 0x2f6f6f, 0x726265, 0x693c20, 0x30302e,
	0x276e65, 0x2d7468, 0x0a2274, 0x6f6461, 0x622228, 0x2f7473, 0x6e2f73, 0x2e6275,
	0x5f6974, 0x343230, 0x5e0a73, 0x727565, 0x72202d, 0x722e62, 0x747020, 0x6f7567,
	0x2c2720, 0x646963, 0x32656c, 0x756e09, 0x656867, 0x676974, 0x76652d, 0x6f6865,
	0x5d656d, 0x6d6c69, 0x6e2864, 0x296f67, 0x2e7874, 0x203b31, 0x39785c, 0x675f63,
	0x617361, 0x270a22, 0x732075, 0x2c276f, 0x60606f, 0x3c206c, 0x2a7372, 0x2c6f66,
	0x652628, 0x6f2030, 0x726322, 0x203520, 0x726f2d, 0x2c3420, 0x622063, 0x697267,
	0x673e2d, 0x6b203d, 0x667274, 0x6b7328, 0x696872, 0x6c6874, 0x3d6c61, 0x323931,
	0x2a6e6f, 0x632222, 0x202a68, 0x70656b, 0x2d6166, 0x74636d, 0x3a3a20, 0x6b6977,
	0x72743e, 0x656e0a, 0x65633e, 0x616364, 0x323430, 0x6c5f6d, 0x727027, 0x6e5f6f,
	0x725f32, 0x3a7075, 0x2c6420, 0x702e62, 0x6f7228, 0x733e20, 0x2a676e, 0x682420,
	0x6f655f, 0x5c2065, 0x632027, 0x7c206e, 0x6b206f, 0x68632a, 0x7a7420, 0x636128,
	0x6f7a65, 0x65733e, 0x6e652f, 0x606068, 0x765f72, 0x696c0a, 0x0a5d29, 0x755f72,
	0x782020, 0x0a2969, 0x75716e, 0x3b7865, 0x3e6e6f, 0x323272, 0x73690a, 0x796d6d,
	0x616360, 0x6d2070, 0x29272f, 0x2e7377, 0x312865, 0x0a7765, 0x6f772d, 0x27656e,
	0x206066, 0x2d2872, 0x3c2067, 0x732878, 0x296576, 0x5f2160, 0x772d2d, 0x227475,
	0x2c2732, 0x315b76, 0x28736d, 0x72286e, 0x663c20, 0x0a296a, 0x29652c, 0x5f2820,
	0x29646c, 0x612d74, 0x672e72, 0x277972, 0x6c2620, 0x6d7465, 0x0a3a22, 0x2c2231,
	0x5b732c, 0x6f6673, 0x312030, 0x2e7063, 0x666320, 0x5f6f69, 0x336574, 0x756679,
	0x206d20, 0x6d6f65, 0x6f7961, 0x28646f, 0x2f7265, 0x3a203a, 0x2c2960, 0x75203e,
	0x666f0a, 0x226c6c, 0x2e2964, 0x756e2e, 0x296273, 0x3a202e, 0x3d6465, 0x682077,
	0x6f203b, 0x702022, 0x6b206e, 0x2e6c6d, 0x656827, 0x6c6167, 0x296477, 0x60202e,
	0x722d64, 0x367670, 0x2a202a, 0x656c09, 0x20276f, 0x632e6c, 0x726578, 0x3b3220,
	0x29706d, 0x636269, 0x6c6f74, 0x74733d, 0x0a2933, 0x740a6e, 0x6e693d, 0x726179,
	0x227865, 0x74756e, 0x6c2e72, 0x61286e, 0x632160, 0x206062, 0x22206c, 0x200a5b,
	0x623c20, 0x74632a, 0x742027, 0x202066, 0x697765, 0x63756d, 0x75202e, 0x696f68,
	0x696d2d, 0x0a2c6b, 0x757470, 0x682022, 0x633161, 0x6b2079, 0x27382d, 0x702420,
	0x2c2267, 0x6c632d, 0x206164, 0x28736b, 0x6d5f6d, 0x690a2e, 0x79746e, 0x0a362e,
	0x0a2874, 0x227465, 0x756e2d, 0x65682a, 0x303072, 0x676f63, 0x272068, 0x702070,
	0x293228, 0x3b7d20, 0x61722d, 0x6c5b20, 0x632f74, 0x752d2d, 0x230a31, 0x6c655f,
	0x746966, 0x3d7465, 0x5c2728, 0x313430, 0x612030, 0x742d73, 0x6e6c5f, 0x5b656d,
	0x657e60, 0x226565, 0x2c6c72, 0x642872, 0x72646e, 0x647361, 0x21206e, 0x5f2a20,
	0x615f78, 0x29646d, 0x0a745f, 0x24206f, 0x34203d, 0x2a7473, 0x0a2e61, 0x202961,
	0x3a7465, 0x6f730a, 0x695f6d, 0x0a352e, 0x603e74, 0x652e20, 0x742e72, 0x2c2229,
	0x796968, 0x29272e, 0x0a796e, 0x612620, 0x746128, 0x5c6e5c, 0x6d6761, 0x6f292a,
	0x6e7473, 0x70746d, 0x32656d, 0x3d746c, 0x64776b, 0x7d207d, 0x297665, 0x655f20,
	0x625f77, 0x68742e, 0x662628, 0x305b65, 0x616209, 0x3a2964, 0x632828, 0x6f2027,
	0x6f6d61, 0x762864, 0x2e203a, 0x645f6d, 0x333430, 0x2e6420, 0x667261, 0x616d67,
	0x203631, 0x0a6369, 0x6c5f5b, 0x5b7372, 0x323172, 0x697972, 0x63696f, 0x332065,
	0x2f3c20, 0x6e756d, 0x6f202d, 0x752d20, 0x69730a, 0x5f603a, 0x2c6c65, 0x5b090a,
	0x73752f, 0x090a6d, 0x656c78, 0x725f78, 0x0a2e22, 0x3b2969, 0x6f2031, 0x756622,
	0x702a28, 0x7a2d20, 0x726728, 0x273a27, 0x727375, 0x5d746e, 0x656373, 0x6c6c27,
	0x20276c, 0x632879, 0x782720, 0x3e206c, 0x762863, 0x66202d, 0x70656c, 0x203332,
	0x73286f, 0x3a206d, 0x2e6d6f, 0x5f6c64, 0x0a3a5d, 0x6d6965, 0x6b3e2d, 0x225c20,
	0x5f0a74, 0x282828, 0x3e2068, 0x3a6e65, 0x6f6331, 0x0a0a6b, 0x2f7374, 0x3b7870,
	0x3e2031, 0x2e5d30, 0x6f5f6d, 0x6f772f, 0x706772, 0x65207c, 0x610a2c, 0x6f5f20,
	0x752063, 0x6f6c26, 0x606665, 0x206362, 0x24090a, 0x766f5f, 0x2e3e20, 0x665f77,
	0x635f5b, 0x0a2e63, 0x746d73, 0x746570, 0x3e2078, 0x203436, 0x757360, 0x0a372e,
	0x642062, 0x207a73, 0x5f7320, 0x206d69, 0x392e33, 0x287270, 0x655f78, 0x2b090a,
	0x2c7828, 0x6f207c, 0x2e666e, 0x652874, 0x752e66, 0x756673, 0x706769, 0x74202f,
	0x63675f, 0x61203b, 0x772e65, 0x607865, 0x626f2e, 0x702d67, 0x7d7d20, 0x712d20,
	0x2a745f, 0x61686e, 0x20227d, 0x6f6d64, 0x737566, 0x3d2d20, 0x65672d, 0x296666,
	0x0a3a6b, 0x3d7475, 0x226873, 0x2f7972, 0x637720, 0x735f69, 0x712020, 0x6c6f3e,
	0x2d2077, 0x632867, 0x6f6c3e, 0x203d2d, 0x2e2e22, 0x79703a, 0x6c612a, 0x656d60,
	0x0a3a68, 0x656673, 0x366573, 0x745f63, 0x276620, 0x3d726f, 0x22202a, 0x63286c,
	0x0a3b76, 0x297228, 0x292731, 0x243d74, 0x617024, 0x2d646d, 0x606863, 0x202969,
	0x706326, 0x797022, 0x63616f, 0x343430, 0x61207c, 0x68202e, 0x79622d, 0x343620,
	0x657567, 0x727772, 0x0a0a6f, 0x672e3e, 0x5f0a0a, 0x2c7328, 0x64626d, 0x6e726f,
	0x652c74, 0x6c5f70, 0x786540, 0x0a7275, 0x6e7320, 0x270a64, 0x207a2d, 0x222061,
	0x5f2e29, 0x727566, 0x706f0a, 0x273d73, 0x66207c, 0x615f77, 0x73612d, 0x2c6e66,
	0x252064, 0x692f74, 0x2d6766, 0x60602a, 0x647362, 0x797462, 0x72706e, 0x0a342e,
	0x78206e, 0x757263, 0x706520, 0x316e69, 0x286472, 0x622e68, 0x685f67, 0x652d72,
	0x66286e, 0x3a2720, 0x727461, 0x0a6365, 0x222063, 0x286b72, 0x626162, 0x745f2e,
	0x6e6978, 0x6f2873, 0x5f6176, 0x7a6974, 0x636167, 0x736927, 0x6d6f6e, 0x31206f,
	0x617228, 0x2b2066, 0x5f6d73, 0x296e20, 0x0a2229, 0x697a74, 0x20296b, 0x0a7269,
	0x207b7b, 0x222720, 0x706b61, 0x292866, 0x38202c, 0x2c276c, 0x657564, 0x707373,
	0x0a2773, 0x226e65, 0x70612d, 0x2e6273, 0x207969, 0x656e2d, 0x2e2a65, 0x6e5f6d,
	0x61643e, 0x5f6c63, 0x76202a, 0x3e2d71, 0x727463, 0x746465, 0x6f637e, 0xe28094,
	0x726222, 0x5b2065, 0x77676e, 0x312e30, 0x207874, 0x682075, 0x746926, 0x20702a,
	0x31203c, 0x625f30, 0x732e6e, 0x203a6d, 0x676169, 0x727464, 0x606365, 0x3d7472,
	0x6f6c0a, 0x637372, 0x2c2767, 0x303035, 0x6e6c61, 0x6f6428, 0x203232, 0x722070,
	0x61703c, 0x5b6575, 0x2e206d, 0x786579, 0x742075, 0x697460, 0x65702e, 0x5f6269,
	0x640a65, 0x6b2220, 0x276574, 0x2f0a2e, 0x2e6873, 0x702062, 0x2e2e2f, 0x296c69,
	0x2e7272, 0x617463, 0x202120, 0x6e7269, 0x202031, 0x6e2620, 0x293420, 0x612d6e,
	0x29736d, 0x277227, 0x6e5c74, 0x75736f, 0x722868, 0x6c6164, 0x6e203c, 0x69656e,
	0x322820, 0x72612d, 0x697760, 0x662728, 0x3d657a, 0x3d6c6f, 0x616e70, 0x272873,
	0x242066, 0x35603a, 0x222870, 0x617062, 0x20206c, 0x616d63, 0x6f663e, 0x22220a,
	0x647465, 0x296920, 0x6f642f, 0x726974, 0x206263, 0x697262, 0x6c6c20, 0x63626d,
	0x20222f, 0x3d7463, 0x202778, 0x6e693c, 0x286d6f, 0x675f22, 0x315b73, 0x202a78,
	0x22202e, 0x685f70, 0x752e65, 0x616e27, 0x5c203b, 0x6b2061, 0x0a3320, 0x0a6970,
	0x3d7269, 0x3e2d5d, 0x6d7572, 0x634020, 0x29776f, 0x606070, 0x6f6c69, 0x737360,
	0x6a2079, 0x6f6422, 0x2c6372, 0x202261, 0x645f77, 0x616628, 0x227461, 0x5f6861,
	0x5b6567, 0x74685f, 0x707328, 0x0a2273, 0x3d6563, 0x2e6970, 0x64610a, 0x657363,
	0x0a3e22, 0x667972, 0x61676f, 0x3c5b20, 0x3b6567, 0x28676f, 0x6e7964, 0x732e29,
	0x742728, 0x746c6c, 0x655f77, 0x0a2c62, 0x74746e, 0x230a7b, 0x616e60, 0x6f742a,
	0x606066, 0x726f65, 0x635b20, 0x617470, 0x0a2934, 0x20302e, 0x212074, 0x0a2c61,
	0x69742d, 0x0a382e, 0x203a70, 0x2c2932, 0x6f6321, 0x637478, 0x606269, 0x6f286e,
	0x687072, 0x775f68, 0x0a0a2c, 0x090a63, 0x6f7060, 0x72732a, 0x62202d, 0x315b20,
	0x6e7761, 0x282220, 0x3e6d6f, 0x5f7874, 0x697679, 0x2d2228, 0x2c603e, 0x2e6928,
	0x632d6f, 0x0a2960, 0x60312d, 0x3a7461, 0x20712d, 0x6e2628, 0x276e64, 0x6e6f67,
	0x6e6f77, 0x64202d, 0x5f7363, 0x616e63, 0x2c2233, 0x2c6f72, 0x656809, 0x797269,
	0x2f622f, 0x6d2620, 0x20692d, 0x767465, 0x657a2d, 0x204040, 0x6f702a, 0x6c7328,
	0x662420, 0x202e31, 0x7d656d, 0x60736c, 0x94e280, 0x737568, 0x615f6d, 0x656421,
	0x3b6572, 0x6c6122, 0x797328, 0x755f68, 0x6f2420, 0x347020, 0x642070, 0x5b206e,
	0x3b6b63, 0x6f7277, 0x74286c, 0x72203b, 0x632422, 0x667373, 0x72622e, 0x6c6c64,
	0x772e73, 0x72662a, 0x20203e, 0x3a3030, 0x202279, 0x697322, 0x2a6564, 0x3a7325,
	0x6f706f, 0x2c2232, 0x286e75, 0x276570, 0x72622f, 0x6d2d6e, 0x276427, 0x756964,
	0x7e6461, 0x686572, 0x5d2b2b, 0x6f6465, 0x28736c, 0x2d7061, 0x202262, 0x657273,
	0x6a2072, 0x6e6761, 0x7b206e, 0x722c65, 0x3f2029, 0x706164, 0x625f2e, 0x3e2d77,
	0x650a73, 0x282865, 0x26206d, 0x226425, 0x686378, 0x6d6309, 0x21205d, 0x303320,
	0x5b6174, 0x20312e, 0x6e6f28, 0x2b2064, 0x242720, 0x2c726e, 0x6d2e6c, 0x0a0a70,
	0x26286e, 0x775f66, 0x756a5f, 0x205d6e, 0x702870, 0x632078, 0x5f797a, 0x726973,
	0x2c226b, 0x79206f, 0x695f62, 0x736960, 0x3d692c, 0x696c27, 0x206363, 0x200a38,
	0x277373, 0x617072, 0x746c6f, 0x736e6d, 0x707466, 0x6e6526, 0x2d7965, 0x0a3e68,
	0x240909, 0x2f3172, 0x0a706f, 0x65206b, 0x322720, 0x6f623c, 0x207220, 0x622029,
	0x642026, 0x662d65, 0x2e6c73, 0x2e6320, 0x700a65, 0x626f74, 0x676769, 0x6d5f77,
	0x207270, 0x702868, 0x722d63, 0x7d0a2c, 0x2d7478, 0x2f656d, 0x205e64, 0x61772d,
	0x3b6863, 0x61662d, 0x632e67, 0x0a292a, 0x622d6e, 0x2c3265, 0x312d60, 0x6a2020,
	0x70286c, 0x6c2d68, 0x626f0a, 0x2e7665, 0x742d6e, 0x226628, 0x696577, 0x742866,
	0x3a0a64, 0x3b2d2d, 0x226620, 0x0a736b, 0x732f62, 0x2d6576, 0x646362, 0x2d7065,
	0x2a2866, 0x297961, 0x2d0a65, 0x64206b, 0x6d6565, 0x746620, 0x276c61, 0x79742a,
	0x690a74, 0x686563, 0x762e73, 0x6f7609, 0x61646b, 0x616460, 0x6d652e, 0x617079,
	0x2c646c, 0x7b2072, 0x65683e, 0x203a6f, 0x7b7b24, 0x29226c, 0x303230, 0x723b29,
	0x27756f, 0x62206b, 0x6f637b, 0x617564, 0x6a2e27, 0x656e26, 0x786060, 0x600a0a,
	0x20276b, 0x632f73, 0x695f77, 0x682d74, 0x2c2270, 0x296769, 0x775f6b, 0x762023,
	0x212066, 0x404020, 0x262033, 0x645f63, 0x65732f, 0x0a0a2a, 0x276874, 0x616a20,
	0x777374, 0x756a64, 0x2b2078, 0x202e6f, 0x692873, 0x606461, 0x65203b, 0x712d2d,
	0x36202c, 0x650a65, 0x200a37, 0x682029, 0x646967, 0x6c705f, 0x3a2963, 0x660a73,
	0x2e606e, 0x3b6461, 0x6f6c75, 0x6c202d, 0x616c2d, 0x2b2b3b, 0x6d206b, 0x7b2073,
	0x632868, 0x2d6e75, 0x667572, 0x62612d, 0x796173, 0x762068, 0x742e67, 0x0a6220,
	0x296b73, 0x0a6079, 0x6e646c, 0x692076, 0x75636c, 0x636769, 0x5f6672, 0x0a2264,
	0x655f6d, 0x296c72, 0x7c2072, 0x227478, 0x29303d, 0x6f6c2f, 0x202c5b, 0x72740a,
	0x603160, 0x756060, 0x6c2d73, 0x6e6320, 0x69205f, 0x773c20, 0x616327, 0x303520,
	0x75662a, 0x0a6920, 0x616479, 0x6e5c6e, 0x61743e, 0x5f5f77, 0x65702d, 0x276565,
	0x737761, 0x696b5f, 0x6f6469, 0x227373, 0x74646e, 0x3c2030, 0x296128, 0x662873,
	0x28207c, 0x2c275f, 0x7b2409, 0x6c2872, 0x73202f, 0x656568, 0x227372, 0x2e6032,
	0x616f62, 0x746822, 0x230a6e, 0x5c6060, 0x657627, 0x5f6320, 0x207420, 0x6f6d2f,
	0x200a2d, 0x313130, 0x5c2074, 0x65680a, 0x622070, 0x2e7965, 0x70636d, 0x297366,
	0x3e2063, 0x726160, 0x2c2766, 0x6f2866, 0x742e6f, 0x73666f, 0x642f3e, 0x7a6565,
	0x656c68, 0x0a7970, 0x625f6b, 0x69725f, 0x62203b, 0x612e70, 0x77745f, 0x5f2867,
	0x695f61, 0x697069, 0x227261, 0x777028, 0x2c6e28, 0x740a74, 0x2d6f67, 0x203128,
	0x71202c, 0x276566, 0x616d78, 0x2a782a, 0x0a666c, 0x2e6120, 0x5d5b65, 0x706f67,
	0x2e322e, 0x282974, 0x712072, 0x6c7474, 0x297864, 0x736176, 0x723c20, 0x797264,
	0x3d7374, 0x697065, 0x222965, 0x74796e, 0x696c7a, 0x6f6e3a, 0x622d74, 0x702866,
	0x220a22, 0x292963, 0x2d6568, 0x2e2f2e, 0x21090a, 0x313377, 0x203a78, 0x303330,
	0x323220, 0x666172, 0x657279, 0x6f6460, 0x732e68, 0x755f20, 0x6d6c61, 0x2e2066,
	0x6c6473, 0x277372, 0x69742a, 0x6c6660, 0x2d7261, 0x697e60, 0x74612e, 0x633e20,
	0x696664, 0x2b2027, 0x6e676f, 0x393330, 0x6c6322, 0x27203e, 0x662031, 0x65775f,
	0x745f36, 0x73253d, 0x6f676f, 0x702f74, 0x6e5f78, 0x32202b, 0x2e7220, 0x626f29,
	0x612062, 0x727024, 0x243d64, 0x727040, 0x6c2d2d, 0x256060, 0x0a2c32, 0x6d2e68,
	0x6e7561, 0x736f69, 0x667d29, 0x3d6573, 0x5f6975, 0x726f2f, 0x6e5c65, 0x7d7173,
	0x29227d, 0x696f64, 0x202934, 0x702422, 0x5f286f, 0x273027, 0x732027, 0x090a70,
	0x653c3c, 0x707327, 0x756f2d, 0x6d202d, 0x2e6039, 0x7a2d6e, 0x303420, 0x230a64,
	0x0a5d65, 0x2c226f, 0x737865, 0x765f6c, 0x6e5f2e, 0x726522, 0x2c2227, 0x295d32,
	0x7c206c, 0x71737b, 0x0a2e66, 0x2e5d31, 0x656e22, 0x606032, 0x6c6340, 0x727426,
	0x3a2967, 0x2e6034, 0x2a2a3a, 0x642d72, 0x207c09, 0x202e70, 0x663d73, 0x766365,
	0x327265, 0x2c2263, 0x323130, 0x2d6870, 0x6f6d3e, 0x623330, 0x656e3d, 0x775f2e,
	0x0a2935, 0x6c2874, 0x090a34, 0x202109, 0x706f3e, 0x206328, 0x0a3b2d, 0x61723e,
	0x313d74, 0x69772f, 0x656d3e, 0x632824, 0x2c6e72, 0x303036, 0x313031, 0x696c6b,
	0x3d2620, 0x5f7761, 0x5f6b6c, 0x622e6f, 0x6e6179, 0x2a7367, 0x6d207c, 0x632d6c,
	0x736477, 0x273b72, 0x7d2032, 0x203d26, 0x73752d, 0x69205d, 0x6f622d, 0x736f64,
	0x6c6d6f, 0x3b6e69, 0x2c6f73, 0x70696e, 0x746109, 0x696668, 0x726309, 0x2d6b6e,
	0x7a2720, 0x677b24, 0x2b2b72, 0x692030, 0x2c7375, 0x6e2063, 0x75746e, 0x25206e,
	0x7c2060, 0x75722d, 0x63286b, 0x276461, 0x622e62, 0x6d2728, 0x657229, 0x3d6665,
	0x75676f, 0x61762d, 0x792720, 0x722422, 0x2c646d, 0x277727, 0x5d2765, 0x702120,
	0x202933, 0x0a5d31, 0x672e67, 0x742c29, 0x677970, 0x3a0a2c, 0x672f2f, 0x6d6369,
	0x5f636c, 0x61203c, 0x2e2e28, 0x6d2022, 0x6d2864, 0x0a2c2a, 0x0a2c6d, 0x3a7074,
	0x746e20, 0x672422, 0x0a6f6f, 0x6c0a0a, 0x735b20, 0x3b7372, 0x682e78, 0x617760,
	0x5b7367, 0x6d6168, 0x637b24, 0x6d5f78, 0x3d6f2c, 0x603e72, 0x622874, 0x742d20,
	0x696426, 0x292278, 0x6c6368, 0x202a70, 0x64626b, 0x286e61, 0x69286e, 0x323230,
	0x736362, 0x73657a, 0x755f6b, 0x6d6620, 0x616769, 0x206122, 0x2e296e, 0x2f2029,
	0x776170, 0x2e6033, 0x5f6969, 0x202a6b, 0x617270, 0x776520, 0x706e6f, 0x652e6c,
	0x62223d, 0x746160, 0x607475, 0x3b6565, 0x5f5f68, 0x203a6b, 0x6f6d22, 0x6e6720,
	0x656d68, 0x363078, 0x305b29, 0x776566, 0x732e6f, 0x662f73, 0x6f2026, 0x696679,
	0x2d305b, 0x696c26, 0x706f64, 0x626f26, 0x692026, 0x3b6665, 0x2a7261, 0x626e6f,
	0x726679, 0x5c5c27, 0x5b656e, 0x687360, 0x702f73, 0x7d203b, 0x747527, 0x603e67,
	0x2e7020, 0x3d7261, 0x636c73, 0x3a7472, 0x6f653c, 0x322e30, 0x6c2d72, 0x353433,
	0x342020, 0x6d7e60, 0x646b65, 0x642728, 0x276564, 0x3e676e, 0x207078, 0x747720,
	0x363075, 0x622872, 0x696d73, 0x647074, 0x20685f, 0x75620a, 0x682228, 0x796420,
	0x2f656c, 0x6f6d3c, 0x625f5f, 0x3f6874, 0x737567, 0x2d2023, 0x280a0a, 0x6c6360,
	0x656275, 0x67692d, 0x737861, 0x655f63, 0x64692d, 0x30090a, 0x6f622e, 0x6f7062,
	0x675f2e, 0x662027, 0x697a67, 0x6c5f77, 0x72645f, 0x61703a, 0x230a3e, 0x6f635b,
	0x205f60, 0x732828, 0x623178, 0x616c61, 0x72632d, 0x696a20, 0x652864, 0x692d6f,
	0x2a7475, 0x69682e, 0x667069, 0x203b60, 0x706968, 0x6e7527, 0x313275, 0x3c2063,
	0x65286e, 0x75622d, 0x746309, 0x616822, 0x3a276e, 0x3d2b3d, 0x657a65, 0x28203a,
	0x2a202d, 0x712074, 0x740a66, 0x766574, 0x6c7562, 0x2e6031, 0x796c61, 0x2e6374,
	0x62732a, 0x2e6036, 0x63732e, 0x656968, 0x6c696b, 0x6c286e, 0x2d2069, 0x6c656b,
	0x727472, 0x68206b, 0x732d66, 0x3d722c, 0x2e6f72, 0x3a7468, 0x287965, 0x722765,
	0x313131, 0x2f3a70, 0x276627, 0x765f68, 0x616e22, 0x652728, 0x2b2b20, 0x2c606e,
	0x20612f, 0x65700a, 0x707968, 0x7c2030, 0x766579, 0x762060, 0x2c2278, 0x2c7665,
	0x722e6c, 0x707522, 0x70206b, 0x206425, 0x692d6e, 0x353130, 0x756222, 0x6f6828,
	0x675f6c, 0x2b2031, 0x76286c, 0x666c20, 0x3d6e69, 0x75642e, 0x706620, 0x2e2927,
	0x3b702a, 0x2c6472, 0x613330, 0x616260, 0x742867, 0x743d73, 0x722f74, 0x606078,
	0x797464, 0x61760a, 0x312032, 0x2b7520, 0x226469, 0x316d73, 0x746675, 0x203333,
	0x73635f, 0x782065, 0x6c202e, 0x7a2020, 0x2e6030, 0x6f2f69, 0x286b6f, 0x33207b,
	0x656b73, 0x665f62, 0x20222e, 0x282a20, 0x2a746f, 0x6c7861, 0x3a296c, 0x747274,
	0x722870, 0x70646e, 0x2e6038, 0x79620a, 0x632d61, 0x0a5d22, 0x283233, 0x242209,
	0x682e64, 0x3c2068, 0x3d6e20, 0x632e6f, 0x737375, 0x20742e, 0x3a6d61, 0x202e63,
	0x3c2022, 0x2c6628, 0x3a6c6c, 0x6c7420, 0x722d6e, 0x272227, 0x740a64, 0x312e32,
	0x6f6e09, 0x73203c, 0x2e7370, 0x202420, 0x0a7820, 0x72613e, 0x755f70, 0x636975,
	0x3a6e69, 0x292877, 0x222079, 0x656973, 0x6d2422, 0x76203e, 0x287366, 0x707470,
	0x73616e, 0x2c7370, 0x207878, 0x2c6064, 0x6c6472, 0x34203a, 0x6e752a, 0x79702d,
	0x69766b, 0x7c2027, 0x222f73, 0x2d2040, 0x6c6965, 0x312b20, 0x2c2779, 0x775f67,
	0x5f7264, 0x6f6d60, 0x28202b, 0x242073, 0x6f0a65, 0x756972, 0x6d796e, 0x2c2230,
	0x203b79, 0x2c746d, 0x3a2273, 0x66615f, 0x633330, 0x652866, 0x6c662a, 0x2d7364,
	0x696f67, 0x2e7366, 0x6e2075, 0x616609, 0x75632d, 0x5b6568, 0x2e7428, 0x772f73,
	0x733d72, 0x392d30, 0x657628, 0x20226a, 0x2e7970, 0x726674, 0x687327, 0x645f78,
	0x766c65, 0x6e5f63, 0x6c6964, 0x642120, 0x603e6c, 0x202a63, 0x61776e, 0x6c6f28,
	0x29223e, 0x6c736b, 0x64286e, 0x772078, 0x627965, 0x0a7869, 0x312e31, 0x732d73,
	0x20296d, 0x302074, 0x71655f, 0x65202f, 0x6f6472, 0x276863, 0x612160, 0x696772,
	0x6e6f79, 0x697073, 0x6e2d6e, 0x722022, 0x200a76, 0x2c2967, 0x606062, 0x796820,
	0x612069, 0x2e6035, 0x682063, 0x302720, 0x202270, 0x5b7265, 0x2e6264, 0x626122,
	0x5d7274, 0x616d64, 0x6f6e74, 0x20222a, 0x2c6666, 0x32206c, 0x696c5b, 0x742d6f,
	0x090a69, 0x205d64, 0x657773, 0x2c6c69, 0x75206b, 0x3a2979, 0x726020, 0x20796d,
	0x2d6f77, 0x202030, 0x715f65, 0x2d796c, 0x282520, 0x71735f, 0x2e706d, 0x7a2073,
	0x3b6c69, 0x373231, 0x6f5f78, 0x6c202b, 0x2b2b73, 0x287379, 0x0a7965, 0x6f6c27,
	0x20722d, 0x3a6469, 0x732e64, 0x682e70, 0x782074, 0x242029, 0x312064, 0x687364,
	0x662828, 0x343130, 0x736179, 0x207a20, 0x20272e, 0x623c09, 0x612128, 0x223d6e,
	0x617409, 0x745f61, 0x776e6f, 0x74612d, 0x0a2c76, 0x727328, 0x742d72, 0x206961,
	0x5d335b, 0x3c2078, 0x0a2774, 0x202e22, 0x0a2320, 0x0a2e69, 0x0a6577, 0x2c706d,
	0x230a32, 0x2b2b74, 0x3d6567, 0x293328, 0x2d6867, 0x2f7065, 0x6e6f2e, 0x222964,
	0x207a74, 0x20752d, 0x65723d, 0x752d65, 0x702225, 0x27312d, 0x6f6265, 0x722879,
	0x202079, 0x762873, 0x757063, 0x2d6469, 0x6d657e, 0x2d6320, 0x3e2079, 0x697575,
	0x69786f, 0x6e6f3e, 0x6a616d, 0x7b0909, 0x677561, 0x2e2074, 0x297874, 0x3e2061,
	0x273d74, 0x303160, 0x3b5d31, 0x696626, 0x6e2077, 0x626772, 0x72742f, 0x276e27,
	0x67206d, 0x697479, 0x772e74, 0x2c6f28, 0x6f642d, 0x286761, 0x3e7265, 0x0a7075,
	0x200a23, 0x740a27, 0x676564, 0x65727d, 0x6e2078, 0x6c2864, 0x726526, 0x626568,
	0x285b20, 0x313532, 0x725f31, 0x757009, 0x6f733e, 0x2d666f, 0x73693e, 0x6e2009,
	0x696222, 0x363130, 0x79732d, 0x66645f, 0x65735b, 0x2e7963, 0x2d6963, 0x5f706c,
	0x6d286e, 0x745f6a, 0x626470, 0x6f722d, 0x3e7374, 0x706364, 0x297376, 0x3c3c31,
	0x617728, 0x6f6809, 0x60206c, 0x7b206f, 0x303063, 0x65672a, 0x682865, 0x742128,
	0x223d72, 0x616e6e, 0x223d79, 0x6b2820, 0x73753e, 0x742868, 0x722520, 0x212073,
	0x622728, 0x6e5f20, 0x723a0a, 0x672022, 0x27736e, 0x296528, 0x2e7375, 0x783009,
	0x6f732d, 0x626f60, 0x762d20, 0x2e6d20, 0x6e6f6f, 0x2a2720, 0x642f2f, 0x29285f,
	0x5f6566, 0x6c2060, 0x3e656d, 0x60646f, 0x206d68, 0x6c623e, 0x752060, 0x756660,
	0x2e352e, 0x2e6037, 0x276b63, 0x0a3a6f, 0x7d7269, 0x272c27, 0x0a2e27, 0x657622,
	0x353430, 0x625f66, 0x22736e, 0x695b74, 0x66693b, 0x3b2820, 0x7a7378, 0x616e09,
	0x616426, 0x2c636e, 0x742878, 0x743e20, 0x632d72, 0x752874, 0x6c6670, 0x617460,
	0x707972, 0x5d2e2e, 0x656d63, 0x3a2774, 0x6f2870, 0x292978, 0x37202c, 0x6f2061,
	0x202278, 0x6d2e72, 0x273d64, 0x29776b, 0x60206d, 0x762e65, 0x662128, 0x742870,
	0x696d22, 0x696f74, 0x0a7069, 0x242067, 0x3b7472, 0x302874, 0x74610a, 0x276527,
	0x69202b, 0x676060, 0x726c6d, 0x79733a, 0x697326, 0x2c5d27, 0x2f6920, 0x206361,
	0x700a2f, 0x5f6c6d, 0x707220, 0x726f6a, 0x226322, 0x65632a, 0x2e6e72, 0x206e6d,
	0x0a2231, 0x656b60, 0x775f6c, 0x207875, 0x696565, 0x3b736e, 0x5f5f22, 0x242068,
	0x617021, 0x2f7273, 0x6e5c72, 0x203032, 0x39603a, 0x29626f, 0x36603a, 0x767972,
	0x622f6f, 0x756170, 0x656c2a, 0x32336e, 0x6f6a61, 0x632866, 0x61776f, 0x22796c,
	0x2b2070, 0x736320, 0x6f6d27, 0x2c3230, 0x2a207c, 0x6e752f, 0x6c203c, 0x7c7469,
	0x6f2878, 0x2c652c, 0x722d77, 0x625f6d, 0x656c77, 0x612032, 0x6a2064, 0x7c207c,
	0x732d61, 0x0a6665, 0x6e6b63, 0x656463, 0x0a7320, 0x2d6570, 0x726465, 0x222973,
	0x0a0a23, 0x657664, 0x6f2422, 0x6d6e69, 0x65737b, 0x61680a, 0x2c2970, 0x625f5b,
	0x73642a, 0x6c6464, 0x297065, 0x636f66, 0x617422, 0x722d72, 0x6f6e5b, 0x702a2a,
	0x625f63, 0x2e7325, 0x607765, 0x652d67, 0x27202b, 0x3a2029, 0x286e66, 0x786972,
	0x6f6870, 0x6a2720, 0x782820, 0x353231, 0x765f63, 0x3a2968, 0x312068, 0x766164,
	0x632863, 0x6f663b, 0x657468, 0x2a3a65, 0x736d2a, 0x292932, 0x672d74, 0x30313d,
	0x746326, 0x656709, 0x61763a, 0x602965, 0x2e7361, 0x69677b, 0x676b70, 0x642d6f,
	0x2e2972, 0x292779, 0x636020, 0x322029, 0x200a39, 0x635f62, 0x626e5f, 0x2c6e61,
	0x62656c, 0x0a227d, 0x6f6d68, 0x787820, 0x2a746e, 0x61646f, 0x226a6f, 0x5f5f21,
	0x663d6c, 0x276628, 0x70286b, 0x6d632a, 0x3d7428, 0x79732f, 0x203820, 0x79743d,
	0x2c2a65, 0x6d2160, 0x6e5b73, 0x296e72, 0x72676e, 0x303178, 0x20226d, 0x656b27,
	0x302c32, 0x0a3a78, 0x756f0a, 0x31202a, 0x642029, 0x5f202a, 0x632d68, 0x79732e,
	0x282070, 0x28746d, 0x5d6e65, 0x6f680a, 0x632e63, 0x3a203b, 0x743d6e, 0x6c5f61,
	0x667369, 0x5c2064, 0x3a2922, 0x77736e, 0x656e2f, 0x2d6d72, 0x303a30, 0x702e63,
	0x292a74, 0x5f6d69, 0x696673, 0x322728, 0x766e61, 0x3a0a6e, 0x3a6e75, 0x756373,
	0x242072, 0x20202f, 0x722867, 0x6f663d, 0x617309, 0x666f28, 0x0a5d3a, 0x2b2030,
	0x090a33, 0x6f773e, 0x252820, 0x7b2965, 0x603e6e, 0x2c315b, 0x642128, 0x656b5b,
	0x747972, 0x64652e, 0x73692d, 0x205d72, 0x0a2e5f, 0x69202f, 0x295d38, 0x2c2933,
	0x676f62, 0x705f62, 0x722866, 0x742030, 0x0a392e, 0x2d7075, 0x6e2d65, 0x2c2266,
	0x3d2071, 0x762e66, 0x6e2d74, 0x7a203d, 0x612222, 0x203e65, 0x2e6773, 0x6c6f2a,
	0x693d72, 0x630a73, 0x66635f, 0x746020, 0x682070, 0x272079, 0x6e3831, 0x2c5d69,
	0x2e786f, 0x766528, 0x383169, 0x697379, 0x336e6f, 0x3e2032, 0x2e7320, 0x296f28,
	0x682e79, 0x302865, 0x2f746e, 0x28746f, 0x5f6b65, 0x203a2a, 0x7c090a, 0x20616e,
	0x0a3420, 0x6e7574, 0x272867, 0x32203c, 0x606469, 0x772022, 0x6f7064, 0x652078,
	0x687765, 0x66203b, 0x692120, 0x706b63, 0x336e69, 0x6f2d20, 0x30302b, 0x737720,
	0x616860, 0x3b7375, 0x672e70, 0x21203d, 0x2c7066, 0x2d7228, 0x5d736f, 0x646f69,
	0x206128, 0x635f61, 0x5f7370, 0x2f7322, 0x6a2073, 0x6d6264, 0x333220, 0x62726f,
	0x6e636e, 0x646927, 0x66746f, 0x6e3c20, 0x656c5b, 0x2f7869, 0x737468, 0x202e32,
	0x652f2f, 0x3a6f74, 0x2c2734, 0x296320, 0x29276c, 0x202e61, 0x28665f, 0x6e2728,
	0x622422, 0x650a6e, 0x6f6d6e, 0x726169, 0x28736f, 0x6f6427, 0x203e09, 0x737478,
	0x73646d, 0x612d64, 0x3b646c, 0x637272, 0x297a73, 0x766869, 0x74736d, 0x202a61,
	0x26286c, 0x2c3520, 0x20746d, 0x205d3e, 0x72702f, 0x0a2323, 0x297020, 0x3b7364,
	0x6c6f5f, 0x69656c, 0x22207c, 0x262027, 0x736769, 0x656426, 0x2b2069, 0x726f0a,
	0x677573, 0x6e706f, 0x3d3d22, 0x6b202a, 0x276d61, 0x292767, 0x656861, 0x212072,
	0x312d3d, 0x72772a, 0x617064, 0x5d7473, 0x696468, 0x6c6227, 0x296628, 0x7d7d29,
	0x287362, 0x706374, 0x73742a, 0x72735f, 0x20206f, 0x732062, 0x662160, 0x29286d,
	0x303620, 0x666f6e, 0x2d7375, 0x75612d, 0x726275, 0x2c2735, 0x622864, 0x776060,
	0x6d6567, 0x5b7364, 0x797424, 0x3d6b63, 0x733d74, 0x642075, 0x225f5f, 0x282022,
	0x617462, 0x6a206e, 0x202228, 0x2d7861, 0x60606b, 0x7a7377, 0x75662d, 0x295d29,
	0x23203e, 0x7b2064, 0x5f7362, 0x207263, 0x2e7420, 0x632d73, 0x257325, 0x296372,
	0x78652f, 0x772d65, 0x6f733a, 0x653c20, 0x6b206c, 0x203172, 0x686326, 0x2c313d,
	0x747b29, 0x60603e, 0x2e6d72, 0x697060, 0x600a65, 0x747424, 0x206b20, 0x65743e,
	0x202728, 0x2e6761, 0x617077, 0x2e312d, 0x732d6f, 0x0a606e, 0x2e7376, 0x0a7470,
	0x29296b, 0x5f0a64, 0x757369, 0x666f09, 0x786562, 0x20272f, 0x6d6020, 0x225b20,
	0x6e6469, 0x2e207c, 0x272b27, 0x3a3a60, 0x6f3c20, 0x68747b, 0x6d2078, 0x373120,
	0x66286c, 0x746d74, 0x6c6e77, 0x75202d, 0x5d7965, 0x0a7363, 0x727269, 0x0a6c69,
	0x2f3e20, 0x286772, 0x706127, 0x78203a, 0x6f743e, 0x3e2070, 0x6d745f, 0x203b6c,
	0x2a6575, 0x3c2228, 0x72652c, 0x662069, 0x6b5f68, 0x296b6f, 0x6c646d, 0x296d61,
	0x636d20, 0x0a3b6a, 0x722d6f, 0x735f5b, 0x607470, 0x29702a, 0x696763, 0x2f736e,
	0x7b206d, 0x2e657a, 0x747474, 0x78656f, 0x3c3e6e, 0x2d7069, 0x627465, 0x696209,
	0x2a7465, 0x0a7370, 0x63646c, 0x647c74, 0x607961, 0x2c3032, 0x5f662e, 0x757361,
	0x68730a, 0x667472, 0x276665, 0x65643a, 0x667074, 0x696624, 0x752865, 0x726370,
	0x656d27, 0x65670a, 0x612e29, 0x3d7972, 0x0a616c, 0x2d6e61, 0x373130, 0x29222f,
	0x2e3031, 0x73706d, 0x312072, 0x2f2964, 0x60606d, 0x6d6d20, 0x302e33, 0x3a736c,
	0x29276f, 0x205d22, 0x6e6562, 0x230a34, 0x31207b, 0x656d70, 0x2e2073, 0x3d6c65,
	0x69656d, 0x0a0a5f, 0x6e7274, 0x63240a, 0x282120, 0x697075, 0x612e6b, 0x733d65,
	0x2c296f, 0x637379, 0x20226b, 0x207968, 0x363534, 0x74612a, 0x7d0a22, 0x736b61,
	0x622034, 0x687473, 0x682e6b, 0x286b73, 0x697869, 0x72286c, 0x6b2e73, 0x692e68,
	0x6f682e, 0x7a603a, 0x7d2929, 0x6b7474, 0x6f6279, 0x756260, 0x3a2022, 0x0a6f69,
	0x303033, 0x5f6770, 0x22666c, 0x252072, 0x736f5f, 0x302064, 0x76647c, 0x666328,
	0x776b5f, 0x276727, 0x3a6565, 0x722e67, 0x705f60, 0x672021, 0x606060, 0x796c64,
	0x31090a, 0x772d20, 0x672063, 0x2d7074, 0x6f7009, 0x79703c, 0x227364, 0x757209,
	0x73286d, 0x203720, 0x2c7820, 0x2f6567, 0x222e2e, 0x6f692e, 0x2c6f74, 0x3b7269,
	0x746960, 0x6e753e, 0x0a6520, 0x2b205d, 0x642e6c, 0x666c5f, 0x616e7b, 0x2e207b,
	0x777364, 0x646874, 0x732222, 0x277475, 0x715f66, 0x090a6b, 0x2d2820, 0x752728,
	0x65706d, 0x323078, 0x286b65, 0x656d6c, 0x5b6060, 0x712720, 0x305b74, 0x203262,
	0x222e74, 0x603e64, 0x322320, 0x3d7965, 0x203620, 0x5c2027, 0x5c725c, 0x3a3a67,
	0x242034, 0x282720, 0x0a3a6d, 0x685f69, 0x685f20, 0x2c7264, 0x722e6e, 0x0a7d7d,
	0x736c72, 0x0a6e20, 0x732d67, 0x272067, 0x29226b, 0x090a3f, 0x6f5f63, 0x26203a,
	0x636920, 0x3d6520, 0x732031, 0x772f74, 0x0a7920, 0x31243d, 0x6f742f, 0x636e77,
	0x7d0a6c, 0x383120, 0x60646c, 0x286568, 0x203b70, 0x20797a, 0x61682a, 0x65702f,
	0x722d6b, 0x202727, 0x6d636e, 0x206f2f, 0x2c2934, 0x0a312d, 0x5b676e, 0x746d5f,
	0x2f6c61, 0x2e2922, 0x6f7075, 0x273127, 0x277367, 0x303532, 0x6f6d6c, 0x610a6e,
	0x28206d, 0x0a6361, 0x0a6420, 0x2e6067, 0x7d2067, 0x702078, 0x383532, 0x68733e,
	0x6c6327, 0x3d3d6c, 0x6c207c, 0x687073, 0x0a0a36, 0x74732f, 0x292763, 0x2d6220,
	0x2f0a2f, 0x2d2027, 0x29736b, 0x226220, 0x0a6d75, 0x78736f, 0x726124, 0x20276d,
	0x5b2220, 0x616020, 0x227b20, 0x0a6269, 0x2c3131, 0x707509, 0x6b5f64, 0x616f6e,
	0x692160, 0x7a2074, 0x2d7220, 0x373635, 0x642873, 0x606d6f, 0x207620, 0x2c702a,
	0x6f656c, 0x273b65, 0x6c6372, 0x707528, 0x6c776f, 0x3b7061, 0x6d6964, 0x65202d,
	0x296263, 0x6e2873, 0x622022, 0x6e3a20, 0x6c626d, 0x6f7728, 0x6c2228, 0x712665,
	0x75663b, 0x305b5d, 0x277327, 0x276f27, 0x707420, 0x727427, 0x2e2929, 0x74207b,
	0x6f705b, 0x5c207b, 0x747373, 0x672e6f, 0x6d6365, 0x675f68, 0x5b2720, 0x090a62,
	0x715f6f, 0x635f69, 0x2a6465, 0x2c2733, 0x74626f, 0x6f6274, 0x755f67, 0x727026,
	0x2a6060, 0x65742a, 0x653075, 0x74776f, 0x273e3e, 0x2e2979, 0x6f700a, 0x2a657a,
	0x2c6263, 0x736428, 0x756267, 0x277a27, 0x5f206d, 0x5c5c5c, 0x6c2e67, 0x726228,
	0x3d706c, 0x296828, 0x206265, 0x65686c, 0x313220, 0x662d6e, 0x22286f, 0x756d2e,
	0x6f7022, 0x3a7470, 0x3a315b, 0x090a2d, 0x745f5f, 0x296928, 0x7b2720, 0x696a5f,
	0x20782d, 0x656b3e, 0x606769, 0x6c5f76, 0x277965, 0x647e60, 0x0a2e31, 0x636367,
	0x6c2d76, 0x742e6e, 0x757370, 0x2c6528, 0x0a7377, 0x5f2e70, 0x207d72, 0x3a7961,
	0x32207b, 0x703e20, 0x23203a, 0x206b6c, 0x0a5f60, 0x702861, 0x203431, 0x5b202e,
	0x3a2961, 0x756f09, 0x63202f, 0x5f2e6e, 0x5d6e6f, 0x206264, 0x682e62, 0x72752e,
	0x735f31, 0x63223d, 0x2c3228, 0x737420, 0x2c6328, 0x5b6874, 0x6f6367, 0x2e202a,
	0x6e7573, 0x70202f, 0x2c7468, 0x697764, 0x0a3e65, 0x736f7e, 0x202032, 0x2e6064,
	0x2e6568, 0x617963, 0x2e3239, 0x763a63, 0x2c296c, 0x3d656e, 0x226e61, 0x6f772e,
	0x2c2736, 0x0a756f, 0x603e2f, 0x692e62, 0x5d6a5b, 0x226f6f, 0x632e64, 0x273031,
	0x702728, 0x0a0a37, 0x32202a, 0x686360, 0x74683d, 0x31223d, 0x75685f, 0x2e6920,
	0x37603a, 0x27286b, 0x796265, 0x730a2e, 0x3d612c, 0x6b603a, 0x313d65, 0x79702a,
	0x7a2064, 0x22203f, 0x20615f, 0x283f68, 0x296228, 0x720a65, 0x656678, 0x732a28,
	0x695b76, 0x3d652c, 0x0a302e, 0x232720, 0x0a7427, 0x6c6465, 0x6b6375, 0x393931,
	0x5d6564, 0x206077, 0x796e6f, 0x643a63, 0x5f695f, 0x20292e, 0x5f6f20, 0x75742d,
	0x20352e, 0x206370, 0x682620, 0x757279, 0x736377, 0x222e22, 0x697409, 0x656826,
	0x222868, 0x732760, 0x786e69, 0x735b73, 0x32206f, 0x756d65, 0x5f7669, 0x303131,
	0x20766d, 0x0a0a38, 0x73732e, 0x5f635f, 0x6f7322, 0x0a736d, 0x77207d, 0x742e20,
	0x316874, 0x262629, 0x616c3e, 0x2d7165, 0x696372, 0x2c2966, 0x7d2520, 0x277927,
	0x6e2128, 0x68632f, 0x6e7564, 0x2f646e, 0x686060, 0x747472, 0x5f2072, 0x3c3128,
	0x612e6e, 0x2c3231, 0x652029, 0x5f5f0a, 0x0a2e30, 0x2e6b72, 0x2e7070, 0x227974,
	0x776c72, 0x2e6e61, 0x707370, 0x737527, 0x76286e, 0x303830, 0x746827, 0x69736b,
	0x2b2b63, 0x607269, 0x286e6c, 0x202722, 0x757260, 0x68732a, 0x64693e, 0x3b6873,
	0x622031, 0x6f2d6f, 0x345f69, 0x297861, 0x726f78, 0x7d0a73, 0x616224, 0x6f202b,
	0x275c5c, 0x3e2030, 0x333130, 0x277075, 0x69666d, 0x303231, 0x622870, 0x696d62,
	0x270a66, 0x322e32, 0x2d5d69, 0x732e63, 0x662e6c, 0x756122, 0x232320, 0x636e72,
	0x6e2c29, 0x796863, 0x5f6661, 0x63202b, 0x322073, 0x5f6261, 0x6e2e72, 0x2c6d6f,
	0x7d307b, 0x663778, 0x0a7a20, 0x206f2d, 0x0a676f, 0x612e62, 0x2d676f, 0x272220,
	0x6d706f, 0x726672, 0x2e636f, 0x303d65, 0x3a2220, 0x702e70, 0x5f736d, 0x292934,
	0x63732d, 0x646863, 0x652026, 0x2c3130, 0x6e3d6e, 0x242022, 0x0a6620, 0x203531,
	0x2f612f, 0x282063, 0x792079, 0x302b20, 0x2a6570, 0x2c7720, 0x5d3332, 0x296d6f,
	0x642160, 0x202e77, 0x6f7a20, 0x702879, 0x3a275f, 0x696667, 0x5f7964, 0x3b303d,
	0x2e6f74, 0x62207c, 0x722d68, 0x625f61, 0x29295f, 0x333072, 0x722e6f, 0x64652d,
	0x206273, 0x746565, 0x6f6c5b, 0x6d7269, 0x742026, 0x286c68, 0x637374, 0x20322e,
	0x626f2f, 0x633a28, 0x6f2e61, 0x756261, 0x685f5f, 0x686b20, 0x740a67, 0x212120,
	0x29722c, 0x222009, 0x732422, 0x772865, 0x5f756e, 0x5c2762, 0x296d75, 0x6d735f,
	0x78653d, 0x5f7063, 0x622d6f, 0x35203d, 0x6f2d6c, 0x616b20, 0x3a3220, 0x6d637b,
	0x2d7961, 0x30223d, 0x322064, 0x672026, 0x617260, 0x393532, 0x6c622e, 0x683d6c,
	0x20257b, 0x2a6b63, 0x2c226d, 0x68773c, 0x74753e, 0x775f78, 0x607075, 0x2d6c69,
	0x6e2866, 0x617622, 0x273d27, 0x283436, 0x6c632a, 0x2c7379, 0x702e6b, 0x2c302c,
	0x5d3a31, 0x6d5b20, 0x6f2e5d, 0x276228, 0x202e78, 0x6d743e, 0x29273e, 0x0a6769,
	0x6d6672, 0x5f796e, 0x743d72, 0x616472, 0x746828, 0x696865, 0x692870, 0x612d63,
	0x616872, 0x675f6d, 0x772027, 0x622128, 0x2e7069, 0x3a3635, 0x785f2e, 0x3b736f,
	0x276927, 0x606f69, 0x3b7274, 0x697268, 0x657060, 0x302026, 0x65725b, 0x0a6f20,
	0x73613c, 0x622f72, 0x6d7b24, 0x5b7463, 0x637263, 0x61202f, 0x657277, 0x363630,
	0x613275, 0x612d73, 0x2e6569, 0x622866, 0x692c72, 0x3a6863, 0x343220, 0x606c65,
	0x303d74, 0x6c6e65, 0x383078, 0x747420, 0x690a64, 0x656d24, 0x347061, 0x74273d,
	0x343032, 0x25223d, 0x222e64, 0x2f6f66, 0x0a5d74, 0x647574, 0x612e67, 0x656727,
	0x276c6c, 0x2e6d75, 0x64203b, 0x686c69, 0x3c2070, 0x667574, 0x0a4040, 0x272a27,
	0x6c702d, 0x626165, 0x2b2720, 0x772e6e, 0x63736d, 0x29646f, 0x6c6674, 0x636528,
	0x5f686b, 0x303478, 0x0a286e, 0x737564, 0x6d7568, 0x6c6373, 0x737b20, 0x795f2e,
	0x205d2b, 0x746b63, 0x292270, 0x202a6f, 0x286675, 0x606174, 0x2d7320, 0x672865,
	0x7b2022, 0x0a5d73, 0x707322, 0x5b7728, 0x706327, 0x2a7965, 0x3a3161, 0x766060,
	0x70610a, 0x617328, 0x700a2e, 0x2b726e, 0x2f7325, 0x6d6f62, 0x70733e, 0x2e6a62,
	0x63203c, 0x2c295f, 0x206c20, 0x2d6372, 0x6f2d72, 0x726769, 0x697269, 0x73705f,
	0x202c3e, 0x3d752c, 0x6f5f5f, 0x287466, 0x203932, 0x737766, 0x705b20, 0x756d60,
	0x230a72, 0x296065, 0x5c207c, 0x277427, 0x696f6e, 0x662422, 0x2d6675, 0x736675,
	0x3c205d, 0x76616e, 0x6f6c64, 0x696d0a, 0x3e736e, 0x6f5b20, 0x2c2968, 0x212070,
	0x0a2f2f, 0x286d75, 0x29225d, 0x77203e, 0x652128, 0x666428, 0x706128, 0x2c7864,
	0x3c6060, 0x757460, 0x6d6979, 0x28206f, 0x0a616d, 0x6c6609, 0x736f28, 0x666465,
	0x2e6e75, 0x29313d, 0x3a0a73, 0x2a2220, 0x66697b, 0x6c6228, 0x5d7864, 0x6c2e6e,
	0x5f3635, 0x727722, 0x2e6766, 0x732877, 0x200a6a, 0x3d6e28, 0x6b203a, 0x2d3030,
	0x2e6b74, 0x2d7974, 0x6e5c3a, 0x685f2e, 0x606c6f, 0x755f6f, 0x69695f, 0x316863,
	0x69702e, 0x305b20, 0x617e60, 0x756168, 0x70726c, 0x286d61, 0x790a0a, 0x69286d,
	0x2e2068, 0x27273d, 0x363878, 0x206820, 0x775f79, 0x2d6f28, 0x2c276d, 0x2c7368,
	0x203832, 0x6e6160, 0x6e7970, 0x70736b, 0x736909, 0x797263, 0x296f72, 0x736d6f,
	0x6c6666, 0x5b6b63, 0x29292c, 0x297370, 0x697466, 0x606565, 0x697378, 0x322874,
	0x3d6e65, 0x6d7463, 0x3a7377, 0x752070, 0x207978, 0x292961, 0x6d6164, 0x2c3535,
	0x685f78, 0x3c2066, 0x2c6e20, 0x656622, 0x3e2272, 0x2e6b73, 0x2e3030, 0x2c5d5b,
	0x656e74, 0x0a6f72, 0x20766f, 0x3d207a, 0x2a6e2a, 0x747367, 0x297325, 0x656920,
	0x2b2068, 0x697266, 0x22286c, 0x203635, 0x74223d, 0x75736b, 0x63616e, 0x2a2865,
	0x3a657a, 0x722e68, 0x746f65, 0x702e60, 0x736c5f, 0x656478, 0x0a6b73, 0x602765,
	0x5f7973, 0x3a7478, 0x7d2928, 0x2c605f, 0x3b7864, 0x612026, 0x616477, 0x3b6f6e,
	0x786526, 0x6a203b, 0x6d6576, 0x616c74, 0x707020, 0x612e68, 0x262867, 0x2d6520,
	0x5f7328, 0x277970, 0x6d6461, 0x742d67, 0x2b203a, 0x2c6b73, 0x302d20, 0x292732,
	0x77207c, 0x7a746f, 0x295d33, 0x3b7373, 0x767478, 0x702f2f, 0x2d6269, 0x2e7765,
	0x6f7309, 0x0a3a32, 0x3b296a, 0x70202b, 0x2a6174, 0x326564, 0x616378, 0x627473,
	0x203b67, 0x306378, 0x6f6f6e, 0x646978, 0x757069, 0x702f2e, 0x6d732f, 0x666020,
	0x656763, 0x616d26, 0x740a72, 0x6c6209, 0x303039, 0x740a2c, 0x6d5f69, 0x740a22,
	0x6f695f, 0x26202e, 0x642e29, 0x746f5f, 0x747079, 0x6f286c, 0x20205d, 0x702e6f,
	0x262077, 0x756f26, 0x696573, 0x656669, 0x686573, 0x5b2073, 0x616c27, 0x7a206e,
	0x657367, 0x687865, 0x606061, 0x772228, 0x2c295d, 0x206720, 0x655f61, 0x2b2b70,
	0x230a33, 0x2e3022, 0x756e3d, 0x70736f, 0x3e2077, 0x66646e, 0x79746f, 0x2c7075,
	0x68656c, 0x2c6228, 0x2c302e, 0x28796f, 0x3c2079, 0x30323d, 0x362020, 0x333172,
	0x616427, 0x393127, 0x2d207d, 0x0a2272, 0x697b29, 0x202224, 0x2a6a62, 0x282864,
	0x630a74, 0x276c27, 0x3e7365, 0x6f6572, 0x3e3e0a, 0x2d6f64, 0x6e6f22, 0x702e6e,
	0x3d736e, 0x227367, 0x616878, 0x685f66, 0x736509, 0x296378, 0x203530, 0x2c606c,
	0x636666, 0x262870, 0x2f7261, 0x393231, 0x3b3b20, 0x75666e, 0x223224, 0x666574,
	0x6e2870, 0x772f67, 0x2c273e, 0x3e6e69, 0x226c65, 0x77743e, 0x722f65, 0x62203c,
	0x2a2026, 0x5b203e, 0x313230, 0x706f24, 0x326874, 0x696120, 0x38603a, 0x656f63,
	0x0a7520, 0x617626, 0x6f682f, 0x6e616a, 0x6f676e, 0x625b20, 0x676020, 0x262863,
	0x3e646c, 0x262820, 0x223d78, 0x2d207c, 0x7a7a75, 0x70730a, 0x362e32, 0x6b6177,
	0x657028, 0x3e6564, 0x732e6d, 0x322865, 0x700a6e, 0x332820, 0x206165, 0x272228,
	0x3d7964, 0x643230, 0x742f65, 0x2b2061, 0x2e606c, 0x732069, 0x616463, 0x696d3e,
	0x6d2e63, 0x2d3436, 0x272728, 0x203432, 0x3c2061, 0x275b73, 0x2f7478, 0x737028,
	0x2c222f, 0x722e70, 0x203065, 0x3b636f, 0x702867, 0x242078, 0x6e7361, 0x2e2728,
	0x756127, 0x6e5c64, 0x6f667b, 0x72772d, 0x29277d, 0x3b7869, 0x6f6761, 0x747009,
	0x6f756e, 0x6c6579, 0x676570, 0x6f6d63, 0x6f736f, 0x20762d, 0x5d2020, 0x756274,
	0x282522, 0x323365, 0x3b6576, 0x646178, 0x3b7020, 0x2e6367, 0x20223e, 0x5c2073,
	0x606c69, 0x736d75, 0x5d2927, 0x61706b, 0x2f6060, 0x757160, 0x696621, 0x637020,
	0x6f6a5f, 0x2d696d, 0x616d5b, 0x662f72, 0x203230, 0x716e75, 0x232074, 0x706122,
	0x227228, 0x72746f, 0x6e3d67, 0x696d60, 0x757222, 0x722160, 0x2c2768, 0x20772d,
	0x6a2820, 0x643130, 0x6e6020, 0x6f6d72, 0x3e2067, 0x632878, 0x63612d, 0x352020,
	0x206032, 0x5d392d, 0x616474, 0x2e362e, 0x303227, 0x616c09, 0x6e2420, 0x646820,
	0x207967, 0x753c20, 0x2e756e, 0x65763e, 0x6f6368, 0x29312b, 0x6d7961, 0x755f77,
	0x5d2774, 0x6c2d70, 0x203033, 0x302b75, 0x692032, 0x322031, 0x70223d, 0x6f6e73,
	0x303172, 0x730a29, 0x3c3c27, 0x757e60, 0x6f7074, 0x6c6963, 0x607364, 0x690a6e,
	0x2d6f69, 0x6e2e20, 0x74286f, 0x286620, 0x286773, 0x78603a, 0x762620, 0x706720,
	0x2c7020, 0x67692e, 0x61635b, 0x3b6e20, 0x667b29, 0x73776b, 0x200a7a, 0x6d0a65,
	0x09093b, 0x27206d, 0x5d3333, 0x0a7061, 0x26207a, 0x77203b, 0x5f7368, 0x2c7466,
	0x2d6f73, 0x7a7566, 0x654072, 0x6f6822, 0x2e5f60, 0x632e6b, 0x746d20, 0x3c2728,
	0x653d74, 0x616422, 0x313133, 0x712674, 0x29676f, 0x0a6761, 0x61705b, 0x632d67,
	0x616e62, 0x5f776a, 0x0a6b6f, 0x6c2022, 0x747072, 0x202769, 0x6b2870, 0x203132,
	0x732a2e, 0x685f6d, 0x706465, 0x323128, 0x74645f, 0x742069, 0x663d79, 0x732d78,
	0x75632a, 0x73662e, 0x616c2a, 0x3b295f, 0x702f3c, 0x223e6e, 0x725c27, 0x3d2720,
	0x616e3d, 0x20322d, 0x0a0a2b, 0x22202d, 0x203330, 0x756663, 0x5f325f, 0x203174,
	0x610a60, 0x742222, 0x0a6067, 0x3e6e65, 0x60706f, 0x626f6e, 0x6f6d6f, 0x22207a,
	0x726121, 0x6f2e72, 0x607069, 0x726f64, 0x625f6a, 0x0a6e77, 0x20632e, 0x707374,
	0x297466, 0x3e6874, 0x687069, 0x646263, 0x646020, 0x312d6e, 0x71203d, 0x697028,
	0x333160, 0x2f7d72, 0x224024, 0x2c2778, 0x2c312b, 0x6f2f64, 0x277527, 0x226769,
	0x77615f, 0x313320, 0x736375, 0x230a38, 0x3c3e74, 0x765f6b, 0x75622f, 0x686367,
	0x772d6e, 0x20742d, 0x286668, 0x7b2266, 0x29742c, 0x20666e, 0x606d65, 0x323160,
	0x2a6563, 0x736127, 0x652e29, 0x672d6e, 0x3b776f, 0x695f78, 0x70753e, 0x363232,
	0x322422, 0x722420, 0x736765, 0x312033, 0x262069, 0x6f7374, 0x6c3c20, 0x30322d,
	0x757128, 0x637820, 0x3a6369, 0x610a74, 0x733c22, 0x313332, 0x3f2065, 0x616e5b,
	0x0a5b20, 0x203274, 0x2e6f6e, 0x276d27, 0x402422, 0x726327, 0x202920, 0x666f3e,
	0x6c2070, 0x736628, 0x30312d, 0x0a0a78, 0x26286b, 0x313178, 0x6f726d, 0x6c652e,
	0x662d63, 0x2d6c65, 0x286c75, 0x0a2764, 0x627420, 0x297075, 0x6f2828, 0x2d6b6f,
	0x646665, 0x656565, 0x5f6d74, 0x6f5f62, 0x756568, 0x746860, 0x682e63, 0x3b6666,
	0x786173, 0x672728, 0x736173, 0x755f6c, 0x69672a, 0x297066, 0x67656d, 0x706628,
	0x2e3420, 0x73252f, 0x202c2f, 0x200a71, 0x616379, 0x306874, 0x0a6d61, 0x666379,
	0x6e203b, 0x607974, 0x313232, 0x293520, 0x2e2072, 0x203365, 0x2c2935, 0x616d21,
	0x230a36, 0x626160, 0x72703a, 0x6e6921, 0x2f736c, 0x682d65, 0x667d7d, 0x71732e,
	0x712a20, 0x5f2e5f, 0x7e203d, 0x682728, 0x6f6020, 0x355f69, 0x383130, 0x333330,
	0x675f6b, 0x652824, 0x2a7374, 0x676475, 0x5d6e5b, 0x6e6863, 0x24223e, 0x5d656e,
	0x702e68, 0x782220, 0x292766, 0x0a7620, 0x5d7265, 0x796222, 0x26205e, 0x3c206f,
	0x732e6b, 0x2a2e25, 0x29766e, 0x5d345b, 0x706461, 0x632031, 0x660a2e, 0x70620a,
	0x767363, 0x6c702e, 0x5f745f, 0x2d706d, 0x697722, 0x2d205d, 0x090a78, 0x2a6574,
	0x5b2074, 0x2e753e, 0x292266, 0x27286f, 0x736d26, 0x323238, 0x286666, 0x206e5c,
	0x74692d, 0x0a3e6e, 0x606576, 0x252029, 0x72696d, 0x2c2e67, 0x5d7865, 0x223d66,
	0x0a312e, 0x24203d, 0x2c2261, 0x21202a, 0x230a3a, 0x20225c, 0x6c6528, 0x676e75,
	0x3b7366, 0x302728, 0x3b636e, 0x666f6c, 0x24206d, 0x333333, 0x722728, 0x2e7820,
	0x722078, 0x5f6362, 0x697366, 0x7b2766, 0x0a6c6d, 0x737373, 0x316564, 0x6c7478,
	0x636c6c, 0x687379, 0x5b6465, 0x3d6565, 0x6e7472, 0x3b2730, 0x277027, 0x6f6260,
	0x6f6573, 0x796877, 0x253d74, 0x65642c, 0x742062, 0x0a7020, 0x5f6375, 0x632f6e,
	0x755f6d, 0x223a22, 0x702d69, 0x5f315f, 0x282061, 0x703f28, 0x712064, 0x287375,
	0x756d73, 0x0a6d20, 0x2c2a74, 0x7a2d61, 0x39202c, 0x286765, 0x6f6f73, 0x726873,
	0x7d2974, 0x22646c, 0x3a226e, 0x626e20, 0x757326, 0x3d6528, 0x640a73, 0x776e75,
	0x207009, 0x797027, 0x70736c, 0x762e74, 0x697b24, 0x6d2128, 0x202c71, 0x3a2930,
	0x662870, 0x692879, 0x2c6d72, 0x727528, 0x6c2728, 0x0a5d20, 0x0a2730, 0x0a7e7e,
	0x2c223a, 0x273131, 0x6f286b, 0x677377, 0x29666f, 0x7c203a, 0x5f7070, 0x6c203b,
	0x0a0a6d, 0x730a73, 0x656b74, 0x323278, 0x702024, 0x2c5d32, 0x6f6574, 0x20205f,
	0x662d6f, 0x247b20, 0x692420, 0x692e6f, 0x722e29, 0x726622, 0x6e7463, 0x206972,
	0x622873, 0x6f632c, 0x2d6328, 0x742d6c, 0x656860, 0x2b206c, 0x757161, 0x6e2e5d,
	0x762828, 0x323630, 0x282031, 0x3b2977, 0x2e2e3e, 0x696d09, 0x5d3130, 0x73626d,
	0x315b74, 0x090a36, 0x61652d, 0x27646c, 0x205b20, 0x72203c, 0x22296c, 0x6f6669,
	0x632a28, 0x65703e, 0x272e2e, 0x756e79, 0x203b5d, 0x6f6960, 0x292263, 0x722878,
	0x363320, 0x737562, 0x0a2b3d, 0x6d6961, 0x752e20, 0x322063, 0x65770a, 0x206373,
	0x240a0a, 0x296b6e, 0x766174, 0x687079, 0x3b706d, 0x61740a, 0x772e72, 0x5b3d73,
	0x230a2c, 0x312320, 0x206664, 0x6b745f, 0x5d726e, 0x306178, 0x202e27, 0x323420,
	0x5d7365, 0x662f62, 0x666563, 0x276c65, 0x202034, 0x71090a, 0x756322, 0x726627,
	0x2e2e6e, 0x3d7420, 0x292a2a, 0x766570, 0x32312d, 0x206c2d, 0x2c2f20, 0x6f656e,
	0x223d6c, 0x623e20, 0x2c7363, 0x656872, 0x64612a, 0x6e635f, 0x6e5f76, 0x707360,
	0x756360, 0x2a2128, 0x273b74, 0x6f6d7b, 0x622e67, 0x666165, 0x662f31, 0x756b63,
	0x30313a, 0x3d7364, 0x66202f, 0x0a2b20, 0x2c6b28, 0x727073, 0x733c3e, 0x0a7420,
	0x606873, 0x2e6428, 0x2a2032, 0x66656e, 0x666309, 0x642f20, 0x297920, 0x626f73,
	0x6e5f62, 0x60603d, 0x2c743d, 0x222974, 0x293820, 0x72652d, 0x287370, 0x612e63,
	0x742828, 0x303332, 0x696f72, 0x797a7a, 0x202777, 0x607869, 0x206d73, 0x206c63,
	0x263e32, 0x0a2936, 0x6c2128, 0x282078, 0x726f2a, 0x69736d, 0x230a35, 0x207376,
	0x29226f, 0x6f620a, 0x766f6e, 0x35203a, 0x73775f, 0x6e7465, 0x29746d, 0x6c5f62,
	0x2d6761, 0x676765, 0x203168, 0x207028, 0x2e2f6f, 0x6e6122, 0x315f74, 0x3c203a,
	0x5f776b, 0x327a62, 0x697327, 0x2e6f70, 0x685f62, 0x616e26, 0x752828, 0x722e5d,
	0x667473, 0x2c3328, 0x312d65, 0x7c2031, 0x323532, 0x2c3033, 0x742c74, 0x723e20,
	0x6c2e64, 0x326572, 0x2e6220, 0x7a202c, 0x2c6e67, 0x6d615f, 0x612422, 0x6d6922,
	0x203124, 0x20295f, 0x2c3431, 0x7c2079, 0x3b7974, 0x706f3c, 0x293432, 0x616267,
	0x660a74, 0x297820, 0x2c2770, 0x696020, 0x642e6e, 0x707428, 0x6b6d20, 0x73275b,
	0x656e27, 0x3b6772, 0x622e64, 0x202e66, 0x0a7220, 0x6c732a, 0x3e703c, 0x2e6068,
	0x650a2f, 0x222922, 0x342065, 0x6f6824, 0x2c676f, 0x2d7361, 0x332720, 0x662e67,
	0x292769, 0x65643d, 0x303820, 0x736122, 0x3b7665, 0x610a64, 0x6c7869, 0x776564,
	0x28202d, 0x656b22, 0x20332e, 0x206975, 0x732573, 0x3d736c, 0x613e32, 0x2c6765,
	0x696478, 0x747522, 0x7a7978, 0x692866, 0x393920, 0x276827, 0x20616d, 0x206462,
	0x656e60, 0x73645f, 0x6f6d09, 0x232029, 0x276576, 0x3e702f, 0x0a6720, 0x656020,
	0x206766, 0x6c2e29, 0x66706c, 0x202e33, 0x65732c, 0x203036, 0x60746c, 0x64223d,
	0x60636e, 0x2c6b6e, 0x6d2f74, 0x6c7074, 0x742c7d, 0x6e3d79, 0x69663c, 0x315f65,
	0x73706c, 0x205d68, 0x0a3434, 0x705f76, 0x0a6666, 0x207d65, 0x61676c, 0x2e6370,
	0x29323d, 0x6f2160, 0x72630a, 0x2a2060, 0x5f2728, 0x202227, 0x6c6f64, 0x3a296d,
	0x7e7e0a, 0x672e64, 0x6c2765, 0x732032, 0x702878, 0x79622e, 0x692d6c, 0x726166,
	0x272870, 0x202976, 0x642e67, 0x2f6564, 0x662e68, 0x635f76, 0x2f6f69, 0x0a0a7e,
	0x207073, 0x2d6970, 0x692868, 0x612868, 0x2e2a73, 0x692e64, 0x746672, 0x6f6d76,
	0x765f77, 0x646127, 0x736975, 0x755f78, 0x226570, 0x0a6064, 0x5d3131, 0x5d646e,
	0x6f7426, 0x5f7a20, 0x616627, 0x295d35, 0x652420, 0x22657a, 0x727421, 0x64286c,
	0x73752a, 0x275b28, 0x6d6928, 0x2d7372, 0x722c29, 0x6f633b, 0x797322, 0x3a6c69,
	0x3c703f, 0x6e656f, 0x3d3d21, 0x6d646c, 0x6f675f, 0x5d3030, 0x202070, 0x64756d,
	0x706c6d, 0x2c6d75, 0x70732a, 0x205d6c, 0x746976, 0x780909, 0x696760, 0x6d692d,
	0x302866, 0x617764, 0x3e2720, 0x3b7461, 0x5c5c22, 0x6f2120, 0x6e202b, 0x766966,
	0x2a203f, 0x652e68, 0x200a3d, 0x6d7860, 0x707274, 0x295d34, 0x202e30, 0x22776f,
	0x770a2c, 0x69622a, 0x275f27, 0x260909, 0x6e6f2a, 0x3b796c, 0x2d6d20, 0x732d77,
	0x22202b, 0x3d7220, 0x205d79, 0x656309, 0x275b74, 0x757520, 0x79202e, 0x2e312e,
	0x393130, 0x207870, 0x622d34, 0x797366, 0x6d5f28, 0x252722, 0x645f32, 0x766565,
	0x672031, 0x632f62, 0x286c69, 0x306278, 0x602927, 0x692e67, 0x652d77, 0x30656c,
	0x2f696b, 0x663b29, 0x622868, 0x642027, 0x206e28, 0x2a2a30, 0x2e7270, 0x726224,
	0x3a0a61, 0x3e207d, 0x762077, 0x692d73, 0x296f2a, 0x6c2078, 0x312d68, 0x206061,
	0x6e206b, 0x796c67, 0x6c6020, 0x6d2026, 0x3d776f, 0x632e79, 0x332d6f, 0x2b746e,
	0x64202f, 0x742d70, 0x296f74, 0x322e31, 0x643530, 0x725f6a, 0x31263e, 0x2a646e,
	0x742e6c, 0x66612e, 0x7d746e, 0x20272d, 0x696421, 0x3e7463, 0x2d202f, 0x2d7009,
	0x707869, 0x0a3b77, 0x323072, 0x71206e, 0x222228, 0x2a203b, 0x6c745f, 0x28646d,
	0x0a3e70, 0x746f0a, 0x75207c, 0x662f61, 0x207667, 0x702d6f, 0x272928, 0x2e6169,
	0x203b63, 0x226b6e, 0x667e60, 0x0a6c20, 0x3e6465, 0x672420, 0x6e675f, 0x3a776f,
	0x700a74, 0x326366, 0x202068, 0x207428, 0x20273d, 0x69623e, 0x75203b, 0x6c6222,
	0x6e2070, 0x637328, 0x227970, 0x3a2931, 0x736466, 0x77202d, 0x2e6e3d, 0x735b74,
	0x292a64, 0x2c6f2a, 0x296e61, 0x200a3f, 0x612760, 0x202c3b, 0x6f2868, 0x2e7065,
	0x090a40, 0x642d6c, 0x6c6570, 0x672d20, 0x665b20, 0x6f7327, 0x2c2a73, 0x63285f,
	0x6a203d, 0x2c7861, 0x646163, 0x202240, 0x22223d, 0x207973, 0x2e2a74, 0x286d72,
	0x6f2d6b, 0x203632, 0x26207d, 0x5f5f78, 0x70743e, 0x2a2974, 0x0a6f66, 0x2f676e,
	0x677568, 0x20277a, 0x6e7523, 0x2f2065, 0x20313d, 0x6f737e, 0x63755f, 0x30206f,
	0x230a37, 0x732764, 0x292733, 0x63646e, 0x745c27, 0x3a666c, 0x696574, 0x206033,
	0x76736d, 0x77796e, 0x292729, 0x2b203b, 0x757374, 0x6f6228, 0x22203e, 0x662e27,
	0x6d203c, 0x292976, 0x726127, 0x697478, 0x3a2978, 0x5d3231, 0x6f7466, 0x6c2d77,
	0x643e20, 0x2e6369, 0x5b736c, 0x5f626d, 0x2c2737, 0x706f2f, 0x635f6a, 0x662032,
	0x6c7576, 0x626574, 0x610a2e, 0x206477, 0x227d72, 0x775f5f, 0x2d7070, 0x6f2e78,
	0x5f7173, 0x617667, 0x2d6d61, 0x69203c, 0x0a6a20, 0x722120, 0x296074, 0x6e7373,
	0x637b29, 0x2b2b09, 0x622d64, 0x652d6c, 0x695f69, 0x2d6f72, 0x666973, 0x3a6669,
	0x302220, 0x622e6e, 0x696375, 0x286e77, 0x3a2063, 0x296367, 0x636320, 0x202233,
	0x343133, 0x6f2062, 0x646f09, 0x746d67, 0x0a7120, 0x353078, 0x273431, 0x5d3232,
	0x616879, 0x273231, 0x2a2077, 0x2c7079, 0x615f28, 0x2e605f, 0x3d6e2c, 0x732e61,
	0x742e63, 0x672874, 0x657a24, 0x5c3c3c, 0x60796c, 0x652e6e, 0x3a2772, 0x315b65,
	0x292761, 0x29226d, 0x303978, 0x777365, 0x722d79, 0x202a6d, 0x203035, 0x65626f,
	0x71267b, 0x686574, 0x6e7565, 0x672e22, 0x702f62, 0x655c3c, 0x2e6e77, 0x297765,
	0x6f7764, 0x742f72, 0x616c0a, 0x270a0a, 0x2e7464, 0x6d7461, 0x64646f, 0x2c3b74,
	0x666f2e, 0x74203c, 0x282023, 0x617627, 0x273e27, 0x3b297a, 0x6d7428, 0x226d6f,
	0x2c3034, 0x696d63, 0x692b2b, 0x727079, 0x69706e, 0x202935, 0x642f73, 0x2e6079,
	0x292762, 0x652e64, 0x666e75, 0x652e67, 0x3b6466, 0x2e285d, 0x3a276c, 0x682d20,
	0x5b7b20, 0x70203c, 0x677075, 0x6d6977, 0x6d3d65, 0x2f636f, 0x276362, 0x722d6c,
	0x696809, 0x616674, 0x0a3124, 0x2e3265, 0x203263, 0x2c2739, 0x64692a, 0x676d69,
	0x746370, 0x637673, 0x2c7970, 0x612034, 0x702f6e, 0x6d692e, 0x642870, 0x617426,
	0x730a74, 0x696d27, 0x682628, 0x3a6576, 0x745f69, 0x695b64, 0x6b732d, 0x6d2e62,
	0x242079, 0x622078, 0x296d72, 0x207d74, 0x2c3233, 0x5f7477, 0x642025, 0x757122,
	0x2c3631, 0x206374, 0x74682f, 0x20316d, 0x3a2962, 0x642320, 0x202c7a, 0x286466,
	0x203470, 0x226666, 0x3a2764, 0x736c73, 0x742d68, 0x6b2067, 0x3a3130, 0x61652e,
	0x617722, 0x782073, 0x222520, 0x63610a, 0x245c20, 0x20273e, 0x333031, 0x626262,
	0x6c7e60, 0x632d79, 0x36312e, 0x6e5f61, 0x315b29, 0x636863, 0x0a7861, 0x313160,
	0x6e6175, 0x652870, 0x7b207b, 0x656479, 0x63273d, 0x76656d, 0x252f73, 0x606761,
	0x693d65, 0x622026, 0x2c3232, 0x36203d, 0x732e78, 0x203028, 0x6d0a60, 0x0a2f64,
	0x746874, 0x782d20, 0x2c3436, 0x2d3233, 0x6d646d, 0x276472, 0x6f5f2e, 0x6f2c69,
	0x3b3030, 0x5d6874, 0x696470, 0x732528, 0x75230a, 0x65662e, 0x61205f, 0x7d296e,
	0x33656c, 0x273f27, 0x636977, 0x2a203a, 0x6c6f09, 0x612d68, 0x242070, 0x6f2f73,
	0x6e652c, 0x65622d, 0x2a6573, 0x3b6060, 0x0a2e32, 0x752620, 0x6e5c3e, 0x627572,
	0x317370, 0x303633, 0x626365, 0x0a5b3d, 0x746373, 0x792a20, 0x252020, 0x6c2f72,
	0x696d75, 0x5d745b, 0x712073, 0x6e6664, 0x20277d, 0x3a746f, 0x29273a, 0x776573,
	0x2e202d, 0x616e3c, 0x3a6f63, 0x202776, 0x352e32, 0x707565, 0x657321, 0x737264,
	0x702d73, 0x656d26, 0x0a6820, 0x646d65, 0x612866, 0x622062, 0x5d2773, 0x20203d,
	0x6d203b, 0x262871, 0x272070, 0x736577, 0x742e64, 0x736965, 0x67615f, 0x6c5f22,
	0x2a3031, 0x2c2262, 0x6f2f74, 0x672866, 0x34202b, 0x203264, 0x68202d, 0x2c722c,
	0x3a6d6f, 0x227470, 0x2d2d7c, 0x202a6a, 0x74286d, 0x5b2029, 0x267465, 0x297368,
	0x2c7065, 0x6e7b20, 0x373430, 0x206865, 0x72663e, 0x662e22, 0x404009, 0x2d0a74,
	0x262034, 0x33202b, 0x2d6c70, 0x692009, 0x5f6120, 0x5f7078, 0x7d0a2f, 0x0a3b60,
	0x6c2d6e, 0x737a20, 0x20203f, 0x686720, 0x626565, 0x697727, 0x6b090a, 0x296970,
	0x27745c, 0x207d5d, 0x292e73, 0x282030, 0x3e2062, 0x5f6e66, 0x0a7274, 0x3a736b,
	0x3d7228, 0x650a72, 0x252067, 0x36203a, 0x20223a, 0x0a7964, 0x2a7478, 0x776f74,
	0x277364, 0x326060, 0x662030, 0x756275, 0x0a742e, 0x746576, 0x6a2e68, 0x796c6f,
	0x656b6c, 0x2c6166, 0x685f77, 0x222876, 0x363930, 0x715f74, 0x2e7368, 0x5d312b,
	0x203133, 0x762128, 0x2a2022, 0x606f74, 0x6c755f, 0x712220, 0x276331, 0x303630,
	0x313360, 0x6c7b24, 0x69665b, 0x0a7720, 0x713e2d, 0x5f207c, 0x3a6462, 0x2c692c,
	0x6d6324, 0x695b61, 0x602974, 0x6f703e, 0x73252e, 0x742e61, 0x757066, 0x20602a,
	0x686e75, 0x276666, 0x75713e, 0x637075, 0x692878, 0x656c27, 0x697363, 0x2a736c,
	0x2f0a65, 0x757464, 0x092a20, 0x3d632c, 0x2e2067, 0x2a6466, 0x6c7309, 0x706174,
	0x272527, 0x3a090a, 0x6f6209, 0x726560, 0x653b74, 0x6f203c, 0x6e6275, 0x5f6c75,
	0x656b68, 0x69722d, 0x742877, 0x277127, 0x620a65, 0x0a6b20, 0x316320, 0x20312b,
	0x76696e, 0x6b2865, 0x5f6b74, 0x6f2d6e, 0x72202f, 0x663178, 0x2b2022, 0x230a39,
	0x756674, 0x2d6f20, 0x637220, 0x5f6b61, 0x6f6626, 0x3b2934, 0x2c2938, 0x270a6e,
	0x736775, 0x206035, 0x27725c, 0x6e653b, 0x7c2066, 0x222878, 0x302e37, 0x2f6576,
	0x66632a, 0x656d64, 0x6f752e, 0x6f0a73, 0x66676e, 0x607270, 0x3e2d2d, 0x616d7a,
	0x223e20, 0x2a7373, 0x6c7028, 0x276d6f, 0x303037, 0x6e6167, 0x206076, 0x650a29,
	0x2d7869, 0x6b5f67, 0x20275f, 0x7c2078, 0x756d79, 0x6f626f, 0x2c3831, 0x3e2069,
	0x705f61, 0x687324, 0x303730, 0x286f69, 0x2e206e, 0x20636d, 0x6d2d72, 0x64666e,
	0x2f2728, 0x657464, 0x76615f, 0x0a2772, 0x6b5f72, 0x5b7061, 0x303075, 0x3a6e66,
	0x652160, 0x647761, 0x223d67, 0x2e636e, 0x692c29, 0x742e62, 0x202033, 0x272327,
	0x5f202f, 0x747377, 0x772828, 0x2c6369, 0x226472, 0x616d70, 0x656c22, 0x685f61,
	0x6c6567, 0x2c766e, 0x352e31, 0x203a09, 0x270a73, 0x2d6263, 0x212063, 0x66223d,
	0x6d6362, 0x2a726f, 0x697524, 0x27776f, 0x2c2769, 0x662e6e, 0x696260, 0x5d656c,
	0x755f63, 0x2c222e, 0x3a2031, 0x2e3470, 0x637562, 0x322072, 0x69663d, 0x207070,
	0x60706d, 0x726820, 0x607061, 0x202a2e, 0x622032, 0x61275b, 0x696e73, 0x2d0a3f,
	0x732861, 0x296072, 0x646566, 0x263e20, 0x72616a, 0x29275f, 0x205d78, 0x692d72,
	0x757620, 0x6c7520, 0x736622, 0x312066, 0x652c73, 0x627e60, 0x20625f, 0x353075,
	0x295d74, 0x2e7864, 0x656b26, 0x6c7220, 0x656d78, 0x727369, 0x72612c, 0x786524,
	0x5f3935, 0x0a277d, 0x712079, 0x2c2936, 0x3a296f, 0x3b2938, 0x732e79, 0x402720,
	0x307b20, 0x5f6f73, 0x322079, 0x735f76, 0x295d5b, 0x6f6227, 0x626d5f, 0x276365,
	0x203272, 0x317063, 0x332e32, 0x5f5f6b, 0x76206d, 0x0a0a39, 0x2c223d, 0x696466,
	0x2e3365, 0x352e30, 0x70746f, 0x6d7478, 0x207264, 0x0a3e6d, 0x66656b, 0x706f27,
	0x312034, 0x2d7477, 0x736265, 0x740a6f, 0x2c3165, 0x2c6b72, 0x287665, 0x5c2072,
	0x626420, 0x297264, 0x75646e, 0x2f3c2e, 0x7a2220, 0x22736c, 0x607272, 0x707362,
	0x612e6f, 0x75720a, 0x393132, 0x205d6b, 0x71203e, 0x293631, 0x732f72, 0x796d2f,
	0x642d64, 0x6b5f6c, 0x2d7377, 0x610a72, 0x5f6020, 0x75623c, 0x72223d, 0x7d2022,
	0x666f6b, 0x753128, 0x69223d, 0x383430, 0x2d6973, 0x0a2c33, 0x28626f, 0x6b0909,
	0x682872, 0x757228, 0x726770, 0x615f62, 0x287966, 0x7a2061, 0x6b616c, 0x69673e,
	0x2c2961, 0x3d226e, 0x2e2e73, 0x202a5f, 0x20362e, 0x706328, 0x736922, 0x277228,
	0x635f22, 0x393220, 0x6d2062, 0x6c6170, 0x203630, 0x2f6565, 0x6d6269, 0x2d6575,
	0x6e692c, 0x712061, 0x6e2a2a, 0x2c323d, 0x0a2a65, 0x6d676e, 0x657928, 0x6c650a,
	0x227075, 0x736220, 0x6c626e, 0x2a2062, 0x6d0a27, 0x5f3866, 0x657462, 0x676922,
	0x6e5c5d, 0x752e72, 0x766f6c, 0x642f70, 0x230a6c, 0x685f63, 0x72672a, 0x606f6e,
	0x656c60, 0x646f28, 0x3b7470, 0x3e2d31, 0x2d7026, 0x6d2873, 0x616468, 0x276a27,
	0x6f0a6e, 0x383330, 0x752d6e, 0x282824, 0x6c6474, 0x7a206f, 0x65796f, 0x702e79,
	0x75630a, 0x7d666c, 0x2e5d65, 0x286566, 0x296369, 0x656473, 0x647020, 0x72286b,
	0x5b6231, 0x78695f, 0x273227, 0x262876, 0x722775, 0x615f61, 0x5f6474, 0x40090a,
	0x695b20, 0x765f6f, 0x602060, 0x5b5d30, 0x5f6373, 0x5f7978, 0x205f65, 0x642422,
	0x6f2879, 0x616c60, 0x277627, 0x622d32, 0x226174, 0x656a20, 0x2e7861, 0x30305c,
	0x25206f, 0x6d202b, 0x347363, 0x222e6e, 0x657326, 0x616e0a, 0x726328, 0x662026,
	0x616c22, 0x2a2071, 0x656b3c, 0x332074, 0x283d73, 0x333320, 0x672e6d, 0x656779,
	0x295d39, 0x0a3e3e, 0x3b5d30, 0x323131, 0x6f7477, 0x612033, 0x292734, 0x333532,
	0x656864, 0x2e6969, 0x7d2065, 0x7c2070, 0x28292a, 0x273d72, 0x27746c, 0x343232,
	0x297165, 0x235b20, 0x277974, 0x6f2e67, 0x6e612e, 0x6f642a, 0x695f31, 0x383736,
	0x6f7209, 0x6e2e63, 0x303631, 0x725f61, 0x6d636d, 0x303530, 0x2a7472, 0x796d2e,
	0x602973, 0x0a3f20, 0x203939, 0x726122, 0x617673, 0x6e3d3d, 0x770a73, 0x0a226b,
	0x6c6920, 0x642420, 0x203276, 0x706e73, 0x2c6378, 0x303d73, 0x297369, 0x2e2727,
	0x303228, 0x2c7078, 0x303531, 0x656775, 0x696467, 0x6b2d2d, 0x737569, 0x747028,
	0x202a62, 0x230a6f, 0x202977, 0x3b313a, 0x662d64, 0x752078, 0x6f7722, 0x752628,
	0x312d3a, 0x293436, 0x277269, 0x206c70, 0x272927, 0x242e2e, 0x203931, 0x706b73,
	0x732e20, 0x203164, 0x68223d, 0x3a736d, 0x243d68, 0x647765, 0x296e77, 0x3b6a62,
	0x657a5f, 0x617621, 0x5f6972, 0x60276e, 0x602774, 0x782874, 0x646f22, 0x645b20,
	0x626128, 0x6e2822, 0x343320, 0x736770, 0x786461, 0x295d36, 0x79626e, 0x746b6d,
	0x6e2868, 0x6c2d67, 0x647820, 0x2d3131, 0x707b24, 0x2c7765, 0x292969, 0x6f6c7e,
	0x0a6775, 0x270a31, 0x272061, 0x2d6120, 0x676478, 0x202036, 0x0a3520, 0x2f2279,
	0x276969, 0x626467, 0x2d7369, 0x332032, 0x69620a, 0x273130, 0x226e72, 0x677220,
	0x642e64, 0x796269, 0x2a7364, 0x6f6e75, 0x746461, 0x656675, 0x6d662a, 0x746b70,
	0x0a6169, 0x672128, 0x27796c, 0x696d2a, 0x202c75, 0x732965, 0x362065, 0x292c27,
	0x202936, 0x727560, 0x3b736b, 0x626f6f, 0x732f2e, 0x207120, 0x297d29, 0x2c612c,
	0x5f2e6d, 0x662f64, 0x2e332d, 0x797379, 0x5f7572, 0x663d72, 0x29296d, 0x736609,
	0x652a28, 0x626464, 0x620a64, 0x282027, 0x702e5d, 0x343031, 0x3e6563, 0x666569,
	0x6d6560, 0x2e6c72, 0x6d2d6f, 0x6e6f27, 0x65645b, 0x6e697b, 0x5b743d, 0x5b6e65,
	0x6f7460, 0x2c3820, 0x706c6c, 0x7a2420, 0x5b6863, 0x6f6969, 0x273331, 0x652027,
	0x702e77, 0x765f2e, 0x0a3b34, 0x74702e, 0x756e2a, 0x222722, 0x696774, 0x203b6d,
	0x792220, 0x702829, 0x612878, 0x373631, 0x3c206d, 0x6d6469, 0x730a6e, 0x29223a,
	0x273c27, 0x2a5c2a, 0x29272d, 0x275b67, 0x6f2a2a, 0x702f6d, 0x2d636e, 0x293233,
	0x5b2066, 0x0a6168, 0x740a79, 0x363636, 0x20272a, 0x796e6e, 0x312d28, 0x333630,
	0x3b6365, 0x726f3e, 0x2a6f2a, 0x2c636f, 0x20316e, 0x682128, 0x617468, 0x606d75,
	0x69772a, 0x692e6c, 0x205e20, 0x313631, 0x676165, 0x606069, 0x5b746e, 0x2a7972,
	0x6f2728, 0x2e3227, 0x735f32, 0x0a272e, 0x273b27, 0x752866, 0x203535, 0x61626d,
	0x63616a, 0x772628, 0x393275, 0x617679, 0x6c732d, 0x6e2027, 0x68636f, 0x6e6127,
	0x65203c, 0x6f682a, 0x722e64, 0x276b27, 0x78090a, 0x0a6362, 0x22746f, 0x273d70,
	0x402220, 0x742e09, 0x60745f, 0x70632f, 0x626f67, 0x692075, 0x796c77, 0x3e2274,
	0x6e3d64, 0x732025, 0x756279, 0x2c2277, 0x2d2071, 0x223d68, 0x69286c, 0x64202b,
	0x6e6c20, 0x297620, 0x3c206a, 0x363230, 0x6c6420, 0x765f70, 0x2e6b6e, 0x242820,
	0x383220, 0x736121, 0x230a67, 0x272827, 0x203435, 0x633a79, 0x792067, 0x285c20,
	0x61726e, 0x6d6163, 0x226f74, 0x203e74, 0x3b706f, 0x635f32, 0x62273d, 0x202061,
	0x3b6372, 0x207d66, 0x652a2a, 0x61620a, 0x2c7275, 0x72752d, 0x61627a, 0x286f6f,
	0x6c697a, 0x68742a, 0x606e72, 0x2e652c, 0x226f6e, 0x76650a, 0x202775, 0x2e3e65,
	0x663d64, 0x6c6364, 0x326e6f, 0x696564, 0x72753e, 0x722a2a, 0x617269, 0x726e65,
	0x2c626f, 0x742b3d, 0x64725f, 0x297377, 0x6c6224, 0x326378, 0x632034, 0x303132,
	0x65795f, 0x0a7074, 0x636109, 0x6f7709, 0x707377, 0x732c74, 0x20705f, 0x296d69,
	0x6d7a6c, 0x73796c, 0x6e7673, 0x7b5b20, 0x74772f, 0x3e6c6d, 0x75626e, 0x286870,
	0x696c75, 0x353320, 0x2e6165, 0x20273a, 0x2a2874, 0x203730, 0x3a6620, 0x637463,
	0x742021, 0x666630, 0x756672, 0x74737e, 0x227869, 0x2c313a, 0x6f6f7a, 0x323127,
	0x6f7922, 0x69635f, 0x6c6575, 0x736767, 0x2d5b73, 0x226c6f, 0x61623d, 0x672628,
	0x632f65, 0x672873, 0x72622a, 0x5d655b, 0x207066, 0x782066, 0x632a2a, 0x313020,
	0x2d3c20, 0x5b2873, 0x0a3b33, 0x2a6c61, 0x7a742e, 0x6f7427, 0x203920, 0x662d79,
	0x222d2d, 0x2d6772, 0x6f6c3d, 0x6d2e6e, 0x756d0a, 0x727e60, 0x69675b, 0x0a606c,
	0x3c206b, 0x682069, 0x663d6e, 0x727774, 0x29632e, 0x273327, 0x207a61, 0x293b3b,
	0x756f70, 0x5b666c, 0x2d6528, 0x222078, 0x26656d, 0x2c276b, 0x65622a, 0x5f7963,
	0x5f6f6f, 0x363220, 0x757022, 0x6d2d73, 0x646678, 0x3e206d, 0x60602d, 0x2f656e,
	0x6c6366, 0x6c6566, 0x2c6067, 0x68772e, 0x6b6e6c, 0x230a79, 0x2e7964, 0x0a2267,
	0x202234, 0x642a2a, 0x27736c, 0x690a72, 0x732a09, 0x2d6367, 0x2d6370, 0x2e6265,
	0x656c0a, 0x333232, 0x20206d, 0x223e3e, 0x2e2e30, 0x286f64, 0x78656d, 0x625f32,
	0x31695f, 0x726461, 0x79743c, 0x796c68, 0x715f5f, 0x203e6e, 0x606033, 0x707372,
	0x5f6473, 0x29297d, 0x622d66, 0x687970, 0x6f732f, 0x220a0a, 0x2f7320, 0x323431,
	0x72752a, 0x32263e, 0x66643a, 0x6d2e5d, 0x5f7767, 0x332d20, 0x776663, 0x3b3b28,
	0x0a6b6e, 0x70632a, 0x7b2068, 0x6f7079, 0x2e3520, 0x5f2e63, 0x297468, 0x616464,
	0x69795f, 0x5f6578, 0x5f5f67, 0x6f2d77, 0x61286c, 0x292778, 0x766166, 0x727173,
	0x206124, 0x666d6f, 0x6d6509, 0x5d3832, 0x274027, 0x796274, 0x0a226c, 0x666967,
	0x722760, 0x722165, 0x666565, 0x747331, 0x690a2c, 0x2c305b, 0x675f77, 0x72207b,
	0x40202a, 0x732d63, 0x6c2f73, 0x646974, 0x63746c, 0x726273, 0x326863, 0x740a3b,
	0x2e5d72, 0x612f62, 0x2e2e65, 0x706f68, 0x0a2279, 0x633078, 0x70662a, 0x277d72,
	0x676665, 0x72776f, 0x726227, 0x656721, 0x292a29, 0x0a2938, 0x777970, 0x63635f,
	0x606472, 0x632c63, 0x6c676f, 0x742031, 0x6f2d67, 0x24206c, 0x2e2966, 0x382020,
	0x3a0a72, 0x373078, 0x306530, 0x222f2e, 0x696275, 0x712673, 0x2e6566, 0x353133,
	0x0a3a61, 0x5b6e6f, 0x2f3c0a, 0x732773, 0x2d615b, 0x6b2874, 0x5f6e6d, 0x616d24,
	0x273531, 0x676c75, 0x79202a, 0x767970, 0x292878, 0x6c0a65, 0x636f76, 0x662e09,
	0x78653c, 0x35202b, 0x332e31, 0x647965, 0x3a2060, 0x636d5b, 0x6e286c, 0x6d7669,
	0x692222, 0x616d3c, 0x206765, 0x736f79, 0x6f3b74, 0x293428, 0x672d65, 0x295d65,
	0x673c20, 0x742025, 0x2c2937, 0x2c2777, 0x5f2866, 0x5b6466, 0x652e6f, 0x2e2e5e,
	0x5f6470, 0x772d74, 0x737309, 0x72623e, 0x2f7463, 0x69776e, 0x297320, 0x6e2026,
	0x656f20, 0x243d72, 0x232220, 0x72613d, 0x796b63, 0x5b7274, 0x2c3536, 0x696463,
	0x226d61, 0x652e5d, 0x2c3531, 0x393031, 0x342874, 0x742a2a, 0x2b2b65, 0x5f6220,
	0x323135, 0x646828, 0x706f3b, 0x3d6572, 0x75626f, 0x296e66, 0x625f78, 0x706109,
	0x287361, 0x207d73, 0x3d202e, 0x292735, 0x297361, 0x2c612a, 0x725f34, 0x3f2720,
	0x3b6320, 0x796060, 0x2a2e20, 0x776420, 0x276873, 0x642e76, 0x695b6e, 0x292231,
	0x726f76, 0x22302e, 0x683c0a, 0x206d6d, 0x32203e, 0x6d2120, 0x3a312d, 0x5f6f77,
	0x326275, 0x737560, 0x392020, 0x223231, 0x666e65, 0x273631, 0x222e72, 0x20275d,
	0x71603a, 0x696677, 0x6d2e20, 0x206378, 0x372e32, 0x736d69, 0x743d6c, 0x6c2873,
	0x632e68, 0x613178, 0x302c31, 0x2a2027, 0x273d67, 0x7b2061, 0x3b2920, 0x630a6e,
	0x765f6d, 0x730a61, 0x206031, 0x203e68, 0x6c2e63, 0x0a3631, 0x723c2b, 0x2c5d33,
	0x226122, 0x325b73, 0x3f2074, 0x2a7865, 0x606b6f, 0x787970, 0x762867, 0x692a2a,
	0x710909, 0x20293b, 0x252066, 0x652d64, 0x632e29, 0x672864, 0x7c0909, 0x616230,
	0x707309, 0x203163, 0x3b2720, 0x73612f, 0x61640a, 0x696477, 0x6c2e68, 0x38203a,
	0x662868, 0x73692f, 0x302c34, 0x68706f, 0x5f206c, 0x732d68, 0x3c2b3e, 0x3d3d30,
	0x203266, 0x303109, 0x6f7464, 0x286162, 0x682d6e, 0x616864, 0x6f2d73, 0x756564,
	0x312079, 0x3b6761, 0x3b745f, 0x2f6563, 0x27285b, 0x200a26, 0x6f772a, 0x312420,
	0x20276a, 0x203261, 0x697a60, 0x297628, 0x242062, 0x6c7a20, 0x2c6264, 0x732829,
	0x72663c, 0x662d72, 0x222f22, 0x707765, 0x6f6377, 0x212064, 0x296f77, 0x67286c,
	0x696363, 0x207d7d, 0x732779, 0x29722a, 0x2e6363, 0x696424, 0x746d6f, 0x0a5d72,
	0x0a6f70, 0x69682d, 0x663a74, 0x635f75, 0x6e2029, 0x6d742e, 0x647573, 0x2c2963,
	0x62616b, 0x666e72, 0x3d6472, 0x677365, 0x207477, 0x6d722e, 0x27736b, 0x7d0a66,
	0x63695f, 0x617076, 0x295d37, 0x353031, 0x62695f, 0x7d7465, 0x3f2820, 0x726e69,
	0x706e61, 0x606b73, 0x796562, 0x702d6c, 0x373931, 0x0a3a5f, 0x302068, 0x726360,
	0x637472, 0x0a3b7a, 0x617427, 0x332e30, 0x6c702f, 0x63666e, 0x5b736b, 0x3a6666,
	0x772620, 0x5f6664, 0x662e79, 0x726f22, 0x223e65, 0x707469, 0x632120, 0x2d6264,
	0x722e09, 0x272762, 0x22225c, 0x223d70, 0x6e2879, 0x3b6c6f, 0x2e332e, 0x697879,
	0x6f2a09, 0x5e2f73, 0x332874, 0x776873, 0x202e23, 0x292738, 0x6f6621, 0x7a6572,
	0x6c3d65, 0x293231, 0x2e296c, 0x73276d, 0x203034, 0x303061, 0x6f2e64, 0x64746f,
	0x726e6f, 0x742c73, 0x6c7468, 0x672e6e, 0x3b2222, 0x72666e, 0x6c6127, 0x752029,
	0x2c6970, 0x726527, 0x726920, 0x6d7361, 0x646e72, 0x662e6f, 0x757478, 0x616576,
	0x0a276f, 0x2e7275, 0x202771, 0x652025, 0x5f6620, 0x227366, 0x26205d, 0x702e64,
	0x617268, 0x737363, 0x090a35, 0x0a2232, 0x2e3431, 0x607361, 0x62656d, 0x642d6d,
	0x6d632e, 0x5e2720, 0x66655f, 0x705f2a, 0x0a636e, 0x676f6f, 0x662076, 0x2c6e77,
	0x702f72, 0x742c6e, 0x61650a, 0x2e6772, 0x305c22, 0x722a28, 0x637565, 0x297069,
	0x756264, 0x6d7874, 0x64612f, 0x69207d, 0x756670, 0x3b7965, 0x72770a, 0x617070,
	0x34206e, 0x2c3331, 0x635b73, 0x207720, 0x333032, 0x297063, 0x756227, 0x2d6e77,
	0x3e2d32, 0x316873, 0x2f6e65, 0x6e612a, 0x203930, 0x7a7320, 0x207b0a, 0x616226,
	0x36312d, 0x206a28, 0x692e63, 0x720a74, 0x732f61, 0x2b6320, 0x646134, 0x2b2032,
	0x6d2027, 0x636609, 0x63756e, 0x0a0a61, 0x0a605f, 0x5b5d31, 0x777261, 0x273831,
	0x743d64, 0x2d6c6d, 0x5b2865, 0x6a5f70, 0x287468, 0x657a6e, 0x727327, 0x2c7d09,
	0x3a0a66, 0x35322e, 0x7d6665, 0x656569, 0x3d732c, 0x313431, 0x617464, 0x670a73,
	0x315b5d, 0x6c6e5f, 0x30312f, 0x26202a, 0x750a65, 0x732f6f, 0x642069, 0x626b3a,
	0x646609, 0x297363, 0x60602f, 0x722d73, 0x606076, 0x776a09, 0x702e78, 0x706675,
	0x706f5b, 0x322220, 0x796d27, 0x5c203a, 0x646522, 0x6e3d6f, 0x666372, 0x735f34,
	0x292962, 0x727768, 0x5f3470, 0x770a65, 0x6e746f, 0x662d61, 0x6f2e6c, 0x6f2c29,
	0x612036, 0x747271, 0x662062, 0x72642d, 0x313a65, 0x70207d, 0x6c286c, 0x0a6867,
	0x0a2c5f, 0x3a6e72, 0x273931, 0x3d6928, 0x612d6f, 0x393837, 0x61696e, 0x277379,
	0x203866, 0x716e65, 0x6d6528, 0x76616a, 0x20206b, 0x3d626f, 0x732e09, 0x203731,
	0x352e35, 0x6f202f, 0x6d202f, 0x292262, 0x32656b, 0x626d2e, 0x622027, 0x3a2761,
	0x797461, 0x6f7424, 0x3b3320, 0x700a73, 0x312d64, 0x662f65, 0x203430, 0x686e65,
	0x612f3c, 0x702031, 0x363932, 0x677369, 0x72202b, 0x325f74, 0x5f2828, 0x293832,
	0x333238, 0x3a2274, 0x6e5c6f, 0x206d24, 0x64662a, 0x746d61, 0x730a2c, 0x27676f,
	0x323372, 0x286b6c, 0x616270, 0x722e61, 0x7a6f62, 0x6b2060, 0x206377, 0x203532,
	0x682e6f, 0x6e735f, 0x645f61, 0x336562, 0x343160, 0x32746e, 0x602022, 0x682864,
	0x207266, 0x5d5b3d, 0x3a706f, 0x2c6e75, 0x3a2a2a, 0x697961, 0x206309, 0x687474,
	0x2f746f, 0x722027, 0x203268, 0x3a2970, 0x2f6874, 0x666970, 0x65760a, 0x2a636e,
	0x20303d, 0x3a6065, 0x63702d, 0x7d0a65, 0x276261, 0x3e746e, 0x73737e, 0x5d276e,
	0x692422, 0x6f746c, 0x3b6f66, 0x726b62, 0x636978, 0x222873, 0x6f697e, 0x6f765f,
	0x203b6b, 0x0a2873, 0x697468, 0x632032, 0x74275b, 0x72673c, 0x6d6167, 0x6d6f69,
	0x630a64, 0x656d21, 0x642222, 0x652c29, 0x202063, 0x327473, 0x2c6079, 0x69766c,
	0x75712a, 0x202269, 0x5f286e, 0x6c6f26, 0x66275b, 0x757479, 0x203b20, 0x28706c,
	0x702d72, 0x696e68, 0x323133, 0x0a3820, 0x6e7462, 0x696828, 0x2c6568, 0x776f5f,
	0x630a72, 0x692828, 0x736d2e, 0x393034, 0x61796d, 0x6d742f, 0x786970, 0x303260,
	0x336378, 0x363031, 0x617777, 0x386278, 0x692c66, 0x696c2c, 0x3a6970, 0x77742f,
	0x766f68, 0x292935, 0x5b6120, 0x666d6d, 0x372020, 0x79730a, 0x226f66, 0x222d22,
	0x653a0a, 0x626566, 0x296e75, 0x207d7b, 0x612f31, 0x702877, 0x20302b, 0x2c273a,
	0x65643c, 0x772864, 0x332728, 0x742e70, 0x68636d, 0x297379, 0x692d63, 0x2d7420,
	0x2c3332, 0x646320, 0x323178, 0x61202b, 0x646160, 0x6d6921, 0x6c6663, 0x332070,
	0x77655f, 0x212720, 0x672160, 0x5f7262, 0x230a27, 0x3d6c2c, 0x312d29, 0x660a72,
	0x697a61, 0x626f64, 0x747263, 0x632d09, 0x2c3720, 0x226b61, 0x3a736f, 0x2f302e,
	0x5d615b, 0x642c73, 0x616827, 0x32332d, 0x313d73, 0x6f2867, 0x662866, 0x6b2068,
	0x292933, 0x776160, 0x613d65, 0x6d7020, 0x3a6327, 0x282032, 0x736a2e, 0x2e3631,
	0x6d286c, 0x633130, 0x677275, 0x206968, 0x303232, 0x682866, 0x0a226d, 0x637061,
	0x6d6769, 0x306873, 0x5b2965, 0x722e79, 0x5d2764, 0x775f62, 0x79203d, 0x6e6628,
	0x6b2e66, 0x6f7371, 0x652061, 0x727021, 0x736361, 0x6f6479, 0x6d2f6e, 0x203b28,
	0x772031, 0x63286d, 0x312f65, 0x353720, 0x6f622a, 0x373031, 0x3e6464, 0x296870,
	0x7d2965, 0x75656b, 0x3d3363, 0x242031, 0x6f2032, 0x33633d, 0x6d7869, 0x762628,
	0x626f6d, 0x28203e, 0x252068, 0x666365, 0x2e2e27, 0x3a3a63, 0x65736b, 0x736773,
	0x603031, 0x2b2220, 0x65615f, 0x5c3030, 0x666478, 0x74702a, 0x31207c, 0x2c3620,
	0x756e22, 0x2d6464, 0x630a3b, 0x682e2e, 0x622d68, 0x2d782f, 0x203038, 0x7c205d,
	0x3b6b6f, 0x6c2868, 0x2f706d, 0x696b6e, 0x6e0a65, 0x323d79, 0x6c613d, 0x7b2079,
	0x745c20, 0x742863, 0x722031, 0x782865, 0x2e2967, 0x303431, 0x686f6a, 0x2d6128,
	0x296428, 0x742e29, 0x6e7570, 0x612c29, 0x2c292c, 0x6d676f, 0x32202d, 0x616e24,
	0x202062, 0x640a74, 0x60682e, 0x2c3038, 0x227861, 0x7b203e, 0x650a2e, 0x742f62,
	0x656d2f, 0x277468, 0x275e27, 0x6c3b74, 0x286c72, 0x387063, 0x203433, 0x636569,
	0x305b72, 0x28205f, 0x6e6c65, 0x61743c, 0x742e31, 0x223120, 0x38203d, 0x653530,
	0x702075, 0x697367, 0x2c656b, 0x72747b, 0x2d2d72, 0x692d64, 0x5b6f66, 0x28796e,
	0x6c622a, 0x7a6720, 0x323232, 0x3d6576, 0x306578, 0x6d7765, 0x662879, 0x313036,
	0x767461, 0x206966, 0x6c2e6f, 0x335f74, 0x765f78, 0x2a656e, 0x0a290a, 0x6f7965,
	0x5f2023, 0x0a2209, 0x276174, 0x2d7309, 0x2c606b, 0x277865, 0x223332, 0x2e7466,
	0x706220, 0x776173, 0x6c666b, 0x616669, 0x2c3234, 0x6e2a28, 0x325b76, 0x782d60,
	0x2a7469, 0x69646d, 0x6e5c29, 0x2e2070, 0x65727e, 0x725f33, 0x222027, 0x64690a,
	0x6f666f, 0x663a64, 0x642f62, 0x202035, 0x757920, 0x73203f, 0x286263, 0x2c7964,
	0x363178, 0x342820, 0x2c3035, 0x792820, 0x70665f, 0x29692b, 0x352065, 0x697422,
	0x602772, 0x3e612f, 0x663078, 0x732f65, 0x626178, 0x5f656f, 0x736870, 0x735b65,
	0x726870, 0x2a6567, 0x243d62, 0x2e3131, 0x3a3a6c, 0x70692e, 0x77776f, 0x730a64,
	0x3d6128, 0x696c3c, 0x2c2939, 0x786670, 0x206161, 0x290909, 0x5f6166, 0x797275,
	0x303d6e, 0x656120, 0x333178, 0x75726c, 0x2c3731, 0x29692c, 0x61763b, 0x757109,
	0x27312e, 0x2e2228, 0x322033, 0x3a6c65, 0x622878, 0x756d2d, 0x2e6f64, 0x252728,
	0x752420, 0x275d27, 0x2d7970, 0x6d2e67, 0x727479, 0x2f7372, 0x74202b, 0x766d09,
	0x69732f, 0x272965, 0x22676f, 0x3a7965, 0x5f5f71, 0x772160, 0x3a706d, 0x296b72,
	0x343678, 0x313272, 0x303831, 0x742876, 0x70736d, 0x5d6b6f, 0x703a0a, 0x303378,
	0x7c2068, 0x637360, 0x3d662c, 0x2d7328, 0x627a6f, 0x646f2a, 0x227220, 0x612f73,
	0x632e61, 0x5d6574, 0x3a3332, 0x202938, 0x767320, 0x652038, 0x5f6d77, 0x786572,
	0x61730a, 0x752d64, 0x68736e, 0x62646e, 0x29796e, 0x2d0a2e, 0x5f2079, 0x6e2828,
	0x2c2978, 0x6b5f6d, 0x665f76, 0x2a7461, 0x655f69, 0x797467, 0x3a7962, 0x2e2f62,
	0x2c6428, 0x666c6c, 0x393430, 0x0a5d5d, 0x617364, 0x2e766e, 0x663e3e, 0x287377,
	0x31302d, 0x656b09, 0x276131, 0x273b6c, 0x61205d, 0x697762, 0x772874, 0x642522,
	0x752075, 0x5c2272, 0x326530, 0x0a3620, 0x292230, 0x61636c, 0x353230, 0x772728,
	0x6c6863, 0x737324, 0x2c7361, 0x687e60, 0x5d355b, 0x78616b, 0x20613c, 0x692f73,
	0x407265, 0x343178, 0x612e6d, 0x77635f, 0x743d6f, 0x2c7320, 0x775f63, 0x303122,
	0x7a745f, 0x3a2767, 0x2e3331, 0x65286c, 0x2b207a, 0x75613c, 0x652e63, 0x253030,
	0x203534, 0x726e09, 0x323231, 0x297420, 0x286275, 0x772128, 0x206661, 0x6c6370,
	0x6c6560, 0x276c6d, 0x3b7261, 0x202530, 0x612e79, 0x313132, 0x20202d, 0x203536,
	0x383978, 0x60607a, 0x293531, 0x2e606b, 0x203461, 0x22746c, 0x6c6976, 0x295d73,
	0x606775, 0x302b69, 0x3c3c22, 0x372065, 0x206d5f, 0x6c6709, 0x346530, 0x666f2a,
	0x67693e, 0x202e69, 0x696c78, 0x22706f, 0x650a74, 0x61273d, 0x276769, 0x7b243d,
	0x6f666c, 0x28285f, 0x2e3531, 0x275b27, 0x6e746e, 0x756f67, 0x666966, 0x675f78,
	0x3d6863, 0x7a6e6f, 0x646873, 0x626469, 0x2e6870, 0x63776f, 0x203d3a, 0x742f74,
	0x3e0909, 0x3b6474, 0x636779, 0x630a2e, 0x207828, 0x652873, 0x6e2e6e, 0x205d70,
	0x20732a, 0x732d6d, 0x70676e, 0x702e5f, 0x28240a, 0x6b6f5b, 0x756326, 0x0a6c75,
	0x2b645c, 0x2c6063, 0x665f61, 0x727061, 0x206160, 0x607379, 0x646e20, 0x3a3031,
	0x272127, 0x752e6c, 0x752872, 0x752c29, 0x662d6d, 0x633b74, 0x666965, 0x3a295d,
	0x78656b, 0x617222, 0x72273d, 0x782064, 0x61763d, 0x642879, 0x705b73, 0x2e2e31,
	0x75733d, 0x203166, 0x6f727a, 0x203476, 0x5f6273, 0x742e5d, 0x72743c, 0x3a6c6f,
	0x65632e, 0x616466, 0x2c7420, 0x5b202a, 0x6c702a, 0x226275, 0x2a7274, 0x323832,
	0x276f74, 0x626573, 0x5b2064, 0x332031, 0x756374, 0x6d6927, 0x702d68, 0x382d6f,
	0x0a2c34, 0x22736b, 0x6b7460, 0x2d6b72, 0x3b6b73, 0x656b65, 0x726e28, 0x2e3820,
	0x6e202f, 0x2f0a29, 0x2c6070, 0x287e20, 0x313531, 0x3b7a73, 0x326d73, 0x742d6b,
	0x293032, 0x2b6970, 0x5d6575, 0x312863, 0x322c31, 0x5f616e, 0x687722, 0x3a3320,
	0x655f62, 0x73745f, 0x702009, 0x383131, 0x72746c, 0x2b2b6a, 0x3a3531, 0x203a77,
	0x72623c, 0x5d6863, 0x6c2e5d, 0x646922, 0x2c7d7b, 0x6d7409, 0x6c6369, 0x746873,
	0x64203c, 0x656f69, 0x6c616f, 0x2d736f, 0x697364, 0x5f6361, 0x276c6f, 0x657074,
	0x743d69, 0x7d7869, 0x2e2a64, 0x74286b, 0x322f65, 0x27206c, 0x323233, 0x787461,
	0x206034, 0x642e70, 0x5d6b5b, 0x276369, 0x6e5c5c, 0x726472, 0x6c2e70, 0x0a286f,
	0x383178, 0x62202f, 0x625f62, 0x2d7669, 0x5b2874, 0x5f316e, 0x702e61, 0x322e35,
	0x292e72, 0x6f6779, 0x2a6c65, 0x2e3231, 0x6c706c, 0x646962, 0x6f7061, 0x0a2c6a,
	0x672075, 0x206962, 0x206069, 0x606b72, 0x772873, 0x322066, 0x6c5b65, 0x602929,
	0x226c72, 0x203732, 0x303638, 0x345b77, 0x3d6f66, 0x5d3330, 0x692d6b, 0x757324,
	0x36202b, 0x76207c, 0x20326e, 0x61662e, 0x3b6472, 0x222a22, 0x2e5e64, 0x6c633c,
	0x305f74, 0x273432, 0x74680a, 0x312b69, 0x333132, 0x736d09, 0x38202b, 0x652320,
	0x656f67, 0x612d6b, 0x602720, 0x296264, 0x68676e, 0x323935, 0x6a0909, 0x642f65,
	0x69735b, 0x226761, 0x273230, 0x5c225c, 0x223233, 0x2e3327, 0x2c6c75, 0x5d6563,
	0x3d2030, 0x772d68, 0x732b20, 0x5c745c, 0x0a0a62, 0x223130, 0x203b22, 0x36313a,
	0x716170, 0x205d29, 0x2c6068, 0x622e6c, 0x5d235b, 0x336168, 0x20662f, 0x202937,
	0x666461, 0x643178, 0x7d6e6f, 0x2c3433, 0x657679, 0x75613e, 0x2b2b6e, 0x32206b,
	0x720a73, 0x642e68, 0x736d68, 0x616b6f, 0x603233, 0x2a622a, 0x6c6578, 0x5d3031,
	0x3d7468, 0x6d782e, 0x3c2032, 0x0a3436, 0x6f2a28, 0x3e7464, 0x613130, 0x303331,
	0x617327, 0x292277, 0x2f3272, 0x6d7426, 0x336874, 0x696d2f, 0x203676, 0x2a2a32,
	0x756d72, 0x302867, 0x6e3d69, 0x3a6f64, 0x613d73, 0x2d6773, 0x652d6f, 0x276531,
	0x242063, 0x6f6629, 0x617040, 0x74796d, 0x606d72, 0x72673e, 0x20372e, 0x30315b,
	0x602a74, 0x653d3d, 0x287761, 0x227375, 0x61746d, 0x732d70, 0x353535, 0x747b20,
	0x636f70, 0x695b72, 0x7a2066, 0x60602e, 0x33203c, 0x61720a, 0x33206f, 0x606e75,
	0x2e7468, 0x28315f, 0x353228, 0x692f2e, 0x613476, 0x20272b, 0x613a0a, 0x0a6e75,
	0x6f7027, 0x752022, 0x3a7375, 0x3e696c, 0x6b742e, 0x5d2720, 0x30305f, 0x5d7465,
	0x672e6c, 0x373178, 0x702f67, 0x692e5d, 0x700a72, 0x622160, 0x603232, 0x6c672d,
	0x687326, 0x67202e, 0x61662a, 0x682f74, 0x2b2067, 0x3d7864, 0x2c3939, 0x746122,
	0x742d79, 0x0a3265, 0x742209, 0x725f69, 0x670a65, 0x0a0a3f, 0x652e70, 0x612c6f,
	0x6a2066, 0x772d72, 0x686920, 0x333133, 0x656e34, 0x2c2a72, 0x61703d, 0x243d73,
	0x296568, 0x727a65, 0x797375, 0x302066, 0x752867, 0x353178, 0x62696b, 0x6f7468,
	0x206924, 0x616d2c, 0x6e2422, 0x5d3033, 0x646979, 0x6f2d79, 0x30322f, 0x2a736e,
	0x6c662d, 0x6e3476, 0x72633e, 0x6e2e64, 0x20220a, 0x276d65, 0x796c6b, 0x736863,
	0x6b6c62, 0x202038, 0x735f28, 0x2b2b64, 0x6e2e6d, 0x653178, 0x203126, 0x623078,
	0x6f6222, 0x273430, 0x5c2262, 0x6f696d, 0x2e206c, 0x612e09, 0x657962, 0x2c352e,
	0x623d33, 0x643a0a, 0x616e6b, 0x2c2e65, 0x756609, 0x612c73, 0x2c5d65, 0x756f76,
	0x657009, 0x697960, 0x735f22, 0x6c2420, 0x61770a, 0x712066, 0x32223d, 0x60607d,
	0x742c65, 0x627272, 0x617476, 0x692e61, 0x6f5f61, 0x646664, 0x392874, 0x765f20,
	0x383931, 0x3f743d, 0x616120, 0x717171, 0x6e7526, 0x2c6b6f, 0x702f65, 0x653e3e,
	0x203173, 0x277c27, 0x203538, 0x22206b, 0x38382d, 0x726c6c, 0x756160, 0x6c653e,
	0x3a7061, 0x336962, 0x722075, 0x6f6c21, 0xe22020, 0x6f702f, 0x322070, 0x6c2e6c,
	0x243c20, 0x2c7220, 0x606369, 0x732d79, 0x29632a, 0x757127, 0x747473, 0x662f78,
	0x6f7727, 0x29302e, 0x5d6469, 0x2d656b, 0x726379, 0x2c6928, 0x302c38, 0x7d6565,
	0x223333, 0x69643d, 0x765f5f, 0x653d65, 0x296766, 0x5f7273, 0x77202f, 0x0a5d6e,
	0x6e757e, 0x6c6769, 0x343662, 0x3e6574, 0x3b6367, 0x696827, 0x2c7063, 0x737220,
	0x626e69, 0x5f335f, 0x6a206f, 0x292261, 0x312078, 0x0a2e33, 0x206038, 0x606077,
	0x28666c, 0x736e77, 0x2c3430, 0x332d6e, 0x2d3220, 0x0a2c77, 0x79747e, 0x2b2079,
	0x747765, 0x2b3e6e, 0x293265, 0x7d6c6c, 0x20317e, 0x272427, 0x203b68, 0x2b0a0a,
	0x2c6870, 0x6c622f, 0x242f73, 0x292861, 0x666874, 0x3f2064, 0x770a74, 0x0a3a20,
	0x2d736d, 0x0a2266, 0x636130, 0x797427, 0x5b7961, 0x2c7325, 0x0a2729, 0x653078,
	0x657231, 0x633178, 0x662e6b, 0x353730, 0x286374, 0x3b7466, 0x353131, 0x2d6020,
	0x203361, 0x5b7478, 0x747b24, 0x32646e, 0x6d5f62, 0x652031, 0x6f672e, 0x3b2936,
	0x373220, 0x382720, 0x0a2766, 0x2d3130, 0x762029, 0x616473, 0x203831, 0x625f22,
	0x313c3c, 0x2e2a72, 0x296120, 0x2a735c, 0x6d5f61, 0x29622a, 0x2e295d, 0x3a6873,
	0x6c6160, 0x68636c, 0x606f6f, 0x656e24, 0x6f7260, 0x2d5b6b, 0x755f2e, 0x706f78,
	0x34365f, 0x625f69, 0x6e5c20, 0x202236, 0x77656b, 0x0a6063, 0x31206c, 0x642871,
	0x2a706f, 0x0a2e62, 0x736873, 0x646924, 0x393178, 0x727773, 0x0a3a77, 0x633d74,
	0x702e09, 0x363166, 0x3d2220, 0x792077, 0x626e2e, 0x660a64, 0x0a3720, 0x3a7869,
	0x292a09, 0x693e20, 0x7c2063, 0x636164, 0x756872, 0x662e5d, 0x31646e, 0x622d6c,
	0x656222, 0x756224, 0x296172, 0x60746f, 0x643161, 0x3d6773, 0x292770, 0x2a746c,
	0x2c296b, 0x622879, 0x2c7d5d, 0x3a7379, 0x203273, 0x796870, 0x796d28, 0x2e6e6e,
	0x690a29, 0x20722e, 0x6d2866, 0x737620, 0x68743a, 0x3d6e6d, 0x765f66, 0x306230,
	0x6b7309, 0x6a6569, 0x316772, 0x756e6f, 0x616e71, 0x696265, 0x3b6e77, 0x6b742f,
	0x707361, 0x2e2931, 0x20316f, 0x616867, 0x756520, 0x6b732b, 0x646c74, 0x0a2937,
	0x2f316d, 0x7e2026, 0x353639, 0x626874, 0x690a60, 0x736e20, 0x297964, 0x752864,
	0x72623b, 0x60776f, 0x277b27, 0x776465, 0x346278, 0x32202f, 0x323839, 0x626462,
	0x090a38, 0x332320, 0x796264, 0x74696b, 0x672222, 0x6e3d6c, 0x622038, 0x277869,
	0x0a2a74, 0x222f2f, 0x660a60, 0x635f71, 0x2e3436, 0x2c6f67, 0x6d2e6b, 0x29276d,
	0x0a3032, 0x37202b, 0x72636f, 0x295d5d, 0x0a292c, 0x2a6c6c, 0x777473, 0x206973,
	0x72706c, 0x722825, 0x74207d, 0x303432, 0x2e277d, 0x247474, 0x383232, 0x6c2422,
	0x202f73, 0x292e65, 0x6f6d7e, 0x2a612a, 0x666b72, 0x6c6f2e, 0x31286c, 0x303678,
	0x203b09, 0x7b242d, 0x612828, 0x3b736d, 0x323531, 0x707473, 0x323170, 0x706f7e,
	0x752e62, 0x656c7b, 0x682031, 0x2e2f65, 0x090a39, 0x3d3a20, 0x2d207a, 0x286e5f,
	0x726774, 0x67636e, 0x362874, 0x2c2962, 0x756f22, 0x402031, 0x27207c, 0x747324,
	0x61646d, 0x28296e, 0x735f33, 0x2e747b, 0x6c6561, 0x697427, 0x20782e, 0x0a7d27,
	0x3e3d29, 0x6d796d, 0x632d63, 0x6c2870, 0x363430, 0x75202f, 0x202a66, 0x5f207d,
	0x702222, 0x606d61, 0x717360, 0x352874, 0x72625b, 0x206163, 0x382874, 0x2d2d65,
	0x36623d, 0x6a2e22, 0x286e67, 0x770a64, 0x666922, 0x6e3e20, 0x0a6464, 0x693b29,
	0x3d796c, 0x69273d, 0x323132, 0x6a2a20, 0x227069, 0x656c2f, 0x752026, 0x2f6b63,
	0x612879, 0x646b72, 0x302e36, 0x2d6d74, 0x737972, 0x2e626f, 0x692a28, 0x666374,
	0x206974, 0x276330, 0x2d6562, 0x2e6029, 0x705b65, 0x202760, 0x756d2f, 0x617779,
	0x273731, 0x227961, 0x740a2f, 0x20612e, 0x383531, 0x5d3e73, 0x2a0a73, 0x293528,
	0x632d66, 0x20202b, 0x637b20, 0x2e6d62, 0x2e3732, 0x746e5f, 0x3a6b72, 0x0a7065,
	0x73276c, 0x75626d, 0x742869, 0x0a275d, 0x0a297a, 0x2d696f, 0x2d0a6e, 0x306678,
	0x637364, 0x2e606f, 0x5d662d, 0x682874, 0x762829, 0x79203a, 0x627371, 0x770a2e,
	0x67286e, 0x262009, 0x727764, 0x626328, 0x2f2072, 0x646328, 0x206e6c, 0x207860,
	0x696867, 0x747463, 0x363331, 0x652422, 0x2f203a, 0x6c2e62, 0x602a20, 0x2b206f,
	0x3d6461, 0x276469, 0x72703c, 0x386478, 0x0a2c35, 0x333331, 0x5b206c, 0x3d2b0a,
	0x373131, 0x697074, 0x373730, 0x6a206c, 0x3a3f28, 0x2d6c72, 0x6b7265, 0x333230,
	0x203362, 0x2d6509, 0x707961, 0x696b2e, 0x6d6c6c, 0x622e61, 0x772872, 0x636264,
	0x2a2a28, 0x766568, 0x776320, 0x3e7469, 0x2a2a74, 0x5b316e, 0x5f776c, 0x3d6873,
	0x303127, 0x71206f, 0x745f76, 0x606e61, 0x3a2920, 0x6f6827, 0x262076, 0x386578,
	0x5f7464, 0x202235, 0x6e5b74, 0x2f6574, 0x74205d, 0x5b6969, 0x696d79, 0x696279,
	0x726260, 0x763d6e, 0x206427, 0x64706d, 0x2e312f, 0x66286b, 0x626130, 0x5f7072,
	0x742032, 0x636f6e, 0x2e6628, 0x766c6c, 0x766177, 0x5b7475, 0x746f2a, 0x203830,
	0x6f652a, 0x612e5d, 0x2c7d65, 0x293131, 0x692e78, 0x63746e, 0x295d3a, 0x305f30,
	0x5b6420, 0x6e7469, 0x61733a, 0x6d646e, 0x757262, 0x61627e, 0x727067, 0x2c606d,
	0x2e6973, 0x0a706c, 0x2e6063, 0x730a72, 0x61722a, 0x293635, 0x3a6562, 0x756d22,
	0x626567, 0x65666e, 0x646464, 0x626278, 0x2c6f77, 0x60786f, 0x203b32, 0x603030,
	0x6b732e, 0x626b63, 0x605b20, 0x383631, 0x3b2933, 0x303062, 0x6f686c, 0x312d66,
	0x2d0a67, 0x392720, 0x70656d, 0x662878, 0x2c272e, 0x205c60, 0x5d7463, 0x695f5b,
	0x6f722a, 0x6f6664, 0x333520, 0x626020, 0x6e2e67, 0x5f0a29, 0x206474, 0x296073,
	0x303635, 0x2d2d6e, 0x60766e, 0x3e6469, 0x727579, 0x702a09, 0x3f206e, 0x646d6f,
	0x303133, 0x666326, 0x203239, 0x65772d, 0x766428, 0x756c20, 0x616a65, 0x297078,
	0x306130, 0x2f2a0a, 0x6e2022, 0x6e5b20, 0x696d64, 0x0a5d79, 0x202a77, 0x733e32,
	0x302031, 0x6c2d6f, 0x5f7073, 0x630a27, 0x636127, 0x732f2f, 0x6f6867, 0x69206a,
	0x0a2c69, 0x652e62, 0x6b2620, 0x603e78, 0x636d28, 0x3b5d32, 0x2f646c, 0x76736c,
	0x632030, 0x222e79, 0x696238, 0x3a6520, 0x30207c, 0x642f2e, 0x5d706f, 0x206967,
	0x2c3161, 0x68742f, 0x632e5d, 0x672e68, 0x225c22, 0x333131, 0x3b6263, 0x68202b,
	0x662821, 0x2c6f6c, 0x6c2026, 0x5c206e, 0x2e653d, 0x662f2e, 0x6c2160, 0x296765,
	0x792e74, 0x636160, 0x295d72, 0x632e09, 0x0a3e72, 0x632e33, 0x776509, 0x29742b,
	0x736674, 0x090a77, 0x203473, 0x0a3e27, 0x696f24, 0x2c6464, 0x63275b, 0x687429,
	0x712820, 0x5c6425, 0x6d6522, 0x6d0a73, 0x353678, 0x2e5d27, 0x722d67, 0x662e70,
	0x2c6f2c, 0x353632, 0x655b20, 0x2a792a, 0x627765, 0x2a2a73, 0x295d6e, 0x64695b,
	0x627520, 0x630a60, 0x747b5e, 0x737a5f, 0x203561, 0x2e6373, 0x31332d, 0x302078,
	0x6e6f65, 0x222879, 0x323075, 0x5d6465, 0x2e372e, 0x5f0909, 0x6f785f, 0x662a28,
	0x3e206b, 0x616973, 0x2c3133, 0x787030, 0x616821, 0x777427, 0x273b73, 0x7d0a5c,
	0x787032, 0x70273d, 0x782023, 0x316230, 0x2d6309, 0x637065, 0x657660, 0x327620,
	0x3b2935, 0x646b63, 0x607369, 0x296e2b, 0x737374, 0x3e203a, 0x2d3231, 0x696663,
	0x73207d, 0x206166, 0x2e3920, 0x600a2c, 0x742e6b, 0x376278, 0x646670, 0x2c3036,
	0x306330, 0x630a2f, 0x722062, 0x2e2963, 0x637728, 0x767264, 0x3d6666, 0x3a3a3a,
	0x2c6d69, 0x5b6e3d, 0x6c672e, 0x297072, 0x242061, 0x766320, 0x3a6e61, 0x6f3c5b,
	0x2c7069, 0x617227, 0x6d0a3b, 0x2f0a3b, 0x743d79, 0x660a6e, 0x632e6d, 0x636461,
	0x6e646f, 0x63676e, 0x79746b, 0x616c2f, 0x65202b, 0x2c745f, 0x676b73, 0x270a32,
	0x722863, 0x603e68, 0x2c7920, 0x343034, 0x20275c, 0x383230, 0x316920, 0x0a636f,
	0x6b2023, 0x276431, 0x296c28, 0x756e2c, 0x343231, 0x642f67, 0x63775f, 0x5f2e64,
	0x64275b, 0x656b0a, 0x740a29, 0x3a7368, 0x733d64, 0x3e6573, 0x286b74, 0x617920,
	0x72725f, 0x622d73, 0x303931, 0x277220, 0x09092c, 0x2c3178, 0x7a2079, 0x2c3432,
	0x642868, 0x60736f, 0x692e79, 0x2c7620, 0x206168, 0x5c7474, 0x736409, 0x2e6765,
	0x6b5f66, 0x3d7920, 0x322d65, 0x223022, 0x622030, 0x623b74, 0x600a73, 0x792228,
	0x726727, 0x6b3a0a, 0x202820, 0x7a2067, 0x316530, 0x2e342e, 0x666e20, 0x223131,
	0x692e6e, 0x756e6c, 0x677673, 0x767373, 0x227061, 0x6b2628, 0x333431, 0x626179,
	0x603436, 0x6f6e21, 0x0a2e36, 0x6c700a, 0x372874, 0x766873, 0x3a7820, 0x393131,
	0x672060, 0x202078, 0x33202a, 0x287864, 0x2e7066, 0x722009, 0x617b20, 0x7a203a,
	0x786521, 0x782872, 0x707261, 0x2c632a, 0x6e6626, 0x642030, 0x37302d, 0x626163,
	0x2f7970, 0x6f0a64, 0x616562, 0x3a0a67, 0x65662d, 0x68286e, 0x2c6261, 0x612035,
	0x207072, 0x6e6f09, 0x2c225f, 0x303930, 0x342720, 0x7a6060, 0x2d3a5b, 0x2c353d,
	0x393531, 0x66656f, 0x690a6c, 0x687434, 0x226228, 0x222e67, 0x2d0a72, 0x632e78,
	0x73253a, 0x7c206b, 0x626978, 0x692e70, 0x6b7020, 0x6e3d70, 0x606034, 0x296f2c,
	0x296e67, 0x636278, 0x696c3d, 0x682870, 0x7a3e2d, 0x20315f, 0x343d74, 0x756327,
	0x643d65, 0x3b5d78, 0x72615b, 0x73696a, 0x6f5f69, 0x623d65, 0x727064, 0x70702a,
	0x692034, 0x74652e, 0x6e2160, 0x220a2e, 0x72666f, 0x733d73, 0x612867, 0x0a3a69,
	0x767275, 0x627227, 0x6f706e, 0x313d6e, 0x206473, 0x646769, 0x6c2d79, 0x293720,
	0x7d7b3d, 0x62610a, 0x72662f, 0x2e706c, 0x6d653e, 0x206e6e, 0x752e67, 0x782e74,
	0x76206b, 0x323033, 0x3a296b, 0x7d206c, 0x0a6b65, 0x606666, 0x646e32, 0x6d286b,
	0x373331, 0x797468, 0x203e64, 0x29732a, 0x3a6d65, 0x772760, 0x6b656e, 0x647773,
	0x0a0a21, 0x9286e2, 0x642031, 0x327865, 0x776261, 0x3b736c, 0x69762e, 0x6e6521,
	0x86e220, 0x752863, 0x5f5f66, 0x62746e, 0x29343d, 0x20302c, 0x2d3530, 0x30312a,
	0x637765, 0x752e5d, 0x79746d, 0x6e2863, 0x3c3c3c, 0x2d3120, 0x630a29, 0x292d2d,
	0x305b66, 0x617322, 0x68205e, 0x5f275b, 0x0a606f, 0x20223d, 0x643c0a, 0x205f20,
	0x707527, 0x3d706f, 0x313d64, 0x0a2763, 0x312c31, 0x686c61, 0x3b6769, 0x632d69,
	0x702e20, 0x646378, 0x726767, 0x203b66, 0x3a6d69, 0x297d20, 0x646c63, 0x6e613e,
	0x636122, 0x273330, 0x726678, 0x6c6f69, 0x642828, 0x6c7361, 0x727365, 0x696c7b,
	0x2e6070, 0x322f29, 0x746360, 0x27202a, 0x612e6c, 0x6f746b, 0x6c2029, 0x296374,
	0x303835, 0x262929, 0x5f3164, 0x693a28, 0x332073, 0x785f79, 0x090a23, 0x656a6e,
	0x680a65, 0x666578, 0x797426, 0x313535, 0x3a5b73, 0x725f36, 0x363122, 0x616e77,
	0x67696e, 0x74292a, 0x6f6a65, 0x0a2e38, 0x227d65, 0x697668, 0x20272c, 0x0a706d,
	0x227722, 0x646527, 0x21206f, 0x0a2971, 0x5f7661, 0x282872, 0x0a0a77, 0x666567,
	0x6c7264, 0x333933, 0x5d7374, 0x2e7362, 0x626e65, 0x626578, 0x6f5f6a, 0x373230,
	0x61766c, 0x5f7266, 0x202037, 0x2c6362, 0x376666, 0x792e73, 0x73222f, 0x797979,
	0x617424, 0x697321, 0x6c2f6e, 0x726c63, 0x326c61, 0x6e3d61, 0x2e3122, 0x662863,
	0x227225, 0x323635, 0x252079, 0x3d7075, 0x3d3662, 0x736d3e, 0x293532, 0x636363,
	0x2c6b20, 0x726762, 0x6c2d66, 0x285d60, 0x73725f, 0x353620, 0x0a2c37, 0x0a6772,
	0x2e322d, 0x6d6524, 0x3e2266, 0x222071, 0x272828, 0x7c2062, 0x722e6b, 0x6c7475,
	0x5f616d, 0x322068, 0x66205f, 0x676f20, 0x3b5d73, 0x736d67, 0x6d612d, 0x316278,
	0x6e6f2f, 0x666378, 0x373431, 0x282963, 0x662d6c, 0x353630, 0x21656d, 0x2c615f,
	0x72666c, 0x39202b, 0x61686d, 0x706361, 0x626966, 0x626d28, 0x363131, 0x227d74,
	0x7c206f, 0x786561, 0x352720, 0x742f6c, 0x2a6e65, 0x242030, 0x5b6563, 0x736c27,
	0x356530, 0x727562, 0x626461, 0x29222d, 0x607965, 0x652828, 0x287078, 0x786573,
	0x2d6620, 0x69666c, 0x2a796c, 0x0a226f, 0x2d2968, 0x737466, 0x667463, 0x746324,
	0x2f7074, 0x207225, 0x77742d, 0x616c6b, 0x2f2a2a, 0x5d6570, 0x657421, 0x202e34,
	0x6f6466, 0x742e32, 0x65683d, 0x0a3e64, 0x5d2929, 0x74632e, 0x732831, 0x67202d,
	0x61676e, 0x373330, 0x270a67, 0x70675f, 0x203734, 0x323330, 0x20342e, 0x766560,
	0x40726f, 0x3d7961, 0x2e5d78, 0x7d2029, 0x22382d, 0x2e2265, 0x7c2061, 0x336178,
	0x2d6e72, 0x69702a, 0x63733e, 0x0a2c36, 0x302d30, 0x610a67, 0x282c29, 0x690a79,
	0x20296a, 0x6c3e20, 0x313331, 0x630a79, 0x686e6f, 0x692e29, 0x303578, 0x707563,
	0x61707b, 0x6c672a, 0x316469, 0x2b2063, 0x5b2928, 0x730a79, 0x287368, 0x732033,
	0x2d3d65, 0x2f0a73, 0x2f7465, 0x6f6c3b, 0x61772a, 0x77746e, 0x662c7d, 0x2a2030,
	0x222e29, 0x2e6e28, 0x0a6773, 0x090a7a, 0x602761, 0x2f3c7d, 0x6c2775, 0x5f2e6c,
	0x602265, 0x615b09, 0x282077, 0x302e34, 0x333235, 0x343537, 0x6b6060, 0x616678,
	0x623c3e, 0x647320, 0x0a2a73, 0x293038, 0x696822, 0x756109, 0x2c5d35, 0x346678,
	0x646365, 0x69626e, 0x317269, 0x690a6f, 0x225b28, 0x6b5f6e, 0x757321, 0x792068,
	0x282527, 0x3a3a29, 0x202277, 0x2c2a78, 0x262674, 0x383933, 0x697a2e, 0x6b5f77,
	0x5c205d, 0x313034, 0x646d72, 0x2e2061, 0x6e6561, 0x712628, 0x675b20, 0x63612a,
	0x3b6f70, 0x395b20, 0x662f6f, 0x752d68, 0x36322d, 0x2c6566, 0x2d7966, 0x607667,
	0x692d67, 0x657a79, 0x642e6f, 0x614020, 0x31202f, 0x640a27, 0x72776e, 0x353832,
	0x732034, 0x2c2e2e, 0x682e09, 0x202f2a, 0x29662c, 0x376178, 0x603538, 0x612f6e,
	0x74737b, 0x272031, 0x276f6c, 0x72796d, 0x6c7964, 0x6e2e68, 0x396378, 0x672f6e,
	0x25202c, 0x3b6b6e, 0x3b6d61, 0x67206b, 0x632f3c, 0x212866, 0x615b20, 0x616440,
	0x6d656e, 0x2d2965, 0x226464, 0x333730, 0x72217b, 0x0a6068, 0x26202f, 0x3b6a20,
	0x79706d, 0x6c6363, 0x3d203d, 0x2a2872, 0x323335, 0x27746f, 0x6e3d63, 0x3a2231,
	0x363635, 0x606e77, 0x383930, 0x273730, 0x6f0a74, 0x353134, 0x225c5c, 0x612e78,
	0x206162, 0x286120, 0x78203e, 0x396178, 0x6f6d77, 0x222522, 0x273233, 0x6f2069,
	0x666c7b, 0x0a273e, 0x746c5f, 0x200a25, 0x2d6569, 0x2d3e64, 0x2c3333, 0x2d7326,
	0x2c2269, 0x70286d, 0x313630, 0x616178, 0x616962, 0x205d5d, 0x3d6f74, 0x686120,
	0x616275, 0x212874, 0x642e61, 0x602e2e, 0x3b7861, 0x62286c, 0x696d21, 0x222928,
	0x2f7472, 0x383234, 0x2c5d72, 0x227222, 0x613d74, 0x756c6c, 0x6f6569, 0x747728,
	0x745c22, 0x786961, 0x3a5f5f, 0x756128, 0x0a5d32, 0x7d5f5f, 0x756e0a, 0x3a226f,
	0x6e6577, 0x393930, 0x5b6574, 0x6f733c, 0x2c732a, 0x70752a, 0x625f76, 0x75616f,
	0x796d22, 0x736c28, 0x343235, 0x353232, 0x602764, 0x6f0a72, 0x736b65, 0x262665,
	0x202c2b, 0x5f6766, 0x777461, 0x316461, 0x65733c, 0x772d64, 0x28786f, 0x5b2072,
	0x74765f, 0x656d3c, 0x65786f, 0x313330, 0x343378, 0x277d27, 0x297d7b, 0x6f5b73,
	0x6c7461, 0x203b78, 0x650a64, 0x642e63, 0x302032, 0x317e64, 0x646960, 0x662f32,
	0x2e296f, 0x20622f, 0x2f2272, 0x5f6f6c, 0x0a276c, 0x74652f, 0x6f2e70, 0x0a2e34,
	0x70657a, 0x2c3236, 0x722828, 0x302e35, 0x602932, 0x67746f, 0x2a2034, 0x6e227b,
	0x296d28, 0x372720, 0x2a6863, 0x203463, 0x3e7372, 0x722a09, 0x6e626f, 0x667765,
	0x312864, 0x336530, 0x6f636d, 0x373232, 0x283a29, 0x757428, 0x20695b, 0x62796d,
	0x61736f, 0x276361, 0x203039, 0x783060, 0x3a676f, 0x725b20, 0x312070, 0x322061,
	0x5c2760, 0x203633, 0x5f5f2a, 0x296c70, 0x782f6e, 0x75637e, 0x343835, 0x702069,
	0x2c2969, 0x5d657a, 0x3a2977, 0x7b2972, 0x7a2a20, 0x703c0a, 0x74736b, 0x303066,
	0x64676e, 0x762765, 0x5c2e5c, 0x383630, 0x2d2076, 0x752160, 0x637322, 0x656209,
	0x0a5d64, 0x293620, 0x5f6963, 0x662e29, 0x672e09, 0x203037, 0x685f76, 0x273265,
	0x3d682c, 0x742626, 0x386366, 0x2d6770, 0x696b6c, 0x6c5b73, 0x6c6664, 0x33313a,
	0x742a09, 0x3a0a2e, 0x2f7461, 0x620a6e, 0x612d67, 0x277225, 0x203935, 0x62676e,
	0x090929, 0x203465, 0x316674, 0x325b74, 0x73617e, 0x68772a, 0x636378, 0x626678,
	0x2e6820, 0x32763d, 0x74613e, 0x313930, 0x722e6d, 0x236c6d, 0x20275b, 0x326469,
	0x73696f, 0x6d2031, 0x7b4020, 0x682222, 0x667b20, 0x2c5d29, 0x3b2265, 0x7a7075,
	0x305b6e, 0x3a3831, 0x6e3d68, 0x622d70, 0x646965, 0x742e79, 0x75646d, 0x273927,
	0x207474, 0x3a2763, 0x6f7222, 0x626d3e, 0x343134, 0x373737, 0x5d7a2d, 0x3b6c65,
	0x2e206f, 0x25206d, 0x73796d, 0x0a3165, 0x6e2c5d, 0x656c3d, 0x66222c, 0x740a68,
	0x6c6760, 0x287a70, 0x6f796d, 0x35302d, 0x776409, 0x5f3264, 0x2d7428, 0x677274,
	0x327e64, 0x295d22, 0x5b6220, 0x5b7972, 0x6e6c09, 0x662f74, 0x2e6263, 0x312f73,
	0x5d273e, 0x273061, 0x743d61, 0x7c2720, 0x205d3a, 0x6d2879, 0x2f3030, 0x700a64,
	0x302072, 0x2f6372, 0x785f74, 0x5d6c61, 0x312061, 0x6d2032, 0x60676f, 0x3c0909,
	0x303739, 0x203235, 0x5f375f, 0x666469, 0x767220, 0x2e6e2c, 0x0a7368, 0x2a2a65,
	0x5d3331, 0x606379, 0x3a3032, 0x272964, 0x2e276e, 0x5b6766, 0x333535, 0x282069,
	0x2e723d, 0x732e2e, 0x642e5d, 0x313935, 0x632d22, 0x6e6f62, 0x7b6060, 0x6c2a2a,
	0x316178, 0x68676f, 0x37203a, 0x203e6d, 0x273630, 0x2a5c20, 0x617727, 0x2b7667,
	0x203637, 0x0a3a34, 0x356431, 0x620a2c, 0x626773, 0x203636, 0x5d725b, 0x94e220,
	0x206909, 0x70742a, 0x202a31, 0x732e27, 0x6c6279, 0x3a626f, 0x6d275b, 0x0a606b,
	0x227765, 0x702d63, 0x20626d, 0x676928, 0x3c202c, 0x6f3e32, 0x6c7022, 0x222076,
	0x353530, 0x276e72, 0x37203d, 0x702e29, 0x697067, 0x2d7363, 0x28656b, 0x697009,
	0x323460, 0x5f2e61, 0x636168, 0x272863, 0x7d317b, 0x3b7220, 0x7d2720, 0x776374,
	0x2a2a60, 0x66205d, 0x682078, 0x76676e, 0x68743e, 0x640a64, 0x203735, 0x393234,
	0x686565, 0x207570, 0x2e296d, 0x322b75, 0x3a6761, 0x7d7265, 0x0a2779, 0x65647e,
	0x0a2230, 0x5f6c74, 0x222032, 0x353160, 0x622d67, 0x69740a, 0x3e6575, 0x313233,
	0x646278, 0x7d312d, 0x5c2772, 0x64662e, 0x61392d, 0x742e68, 0x22222b, 0x616772,
	0x66706f, 0x5c656e, 0x376678, 0x6f7227, 0x617666, 0x656326, 0x632829, 0x273530,
	0x313520, 0x223232, 0x323360, 0x5e2f22, 0x3f7420, 0x672e63, 0x6c2e09, 0x3a3231,
	0x777478, 0x612863, 0x772420, 0x203e0a, 0x326278, 0x20222d, 0x616368, 0x31312d,
	0x363531, 0x6b7321, 0x223031, 0x2c2276, 0x632861, 0x2e230a, 0x363820, 0x623032,
	0x6a7369, 0x646124, 0x292e6e, 0x297362, 0x2c6269, 0x602077, 0x663766, 0x73702a,
	0x2d6168, 0x207d30, 0x0a3233, 0x733b74, 0x7c202a, 0x610a79, 0x6d725f, 0x772e70,
	0x696a62, 0x2c3336, 0x343431, 0x697072, 0x6c2f22, 0x647365, 0x217b20, 0x697767,
	0x29296a, 0x3a632e, 0x312809, 0x767273, 0x636369, 0x602773, 0x346178, 0x3d6365,
	0x607860, 0x27202d, 0x296274, 0x722e63, 0x616478, 0x2d7120, 0x6a6e69, 0x61660a,
	0x306630, 0x72676c, 0x696f22, 0x623430, 0x726760, 0x6d2e29, 0x306430, 0x657278,
	0x267b5b, 0x307667, 0x31656d, 0x6f6e24, 0x696f21, 0x6f6e26, 0x642e09, 0x736327,
	0x0a2864, 0x356278, 0x67273d, 0x203335, 0x797327, 0x636478, 0x313731, 0x2a6761,
	0x632e77, 0x6f770a, 0x776b28, 0x400a0a, 0x757268, 0x323378, 0x6c6478, 0x727309,
	0x323520, 0x6d6c72, 0x746922, 0x76626f, 0x633230, 0x286f72, 0x6d2e79, 0x686f74,
	0x657022, 0x317865, 0x3a7361, 0x7d5d7d, 0x652e6d, 0x626140, 0x616326, 0x5f7321,
	0x6f623d, 0x756667, 0x627369, 0x276272, 0x636e20, 0x737272, 0x5f6d5f, 0x225d3e,
	0x646909, 0x6e2d6f, 0x277375, 0x2c3635, 0x6f5f31, 0x203334, 0x3c2062, 0x746575,
	0x636273, 0x672872, 0x756f24, 0x0a2e35, 0x3a2027, 0x277961, 0x33223d, 0x297970,
	0x5b7465, 0x272023, 0x373320, 0x332064, 0x637309, 0x79206c, 0x642e79, 0x2c6d20,
	0x3d676f, 0x620a73, 0x6f6e64, 0x61762f, 0x336060, 0x666b22, 0x74733a, 0x6f2e68,
	0x71652d, 0x273232, 0x65772f, 0x2d6139, 0x756e72, 0x752873, 0x746b69, 0x203938,
	0x6a090a, 0x616563, 0x796b73, 0x746809, 0x746c63, 0x77286e, 0x343531, 0x616f74,
	0x296f6f, 0x337461, 0x630a61, 0x652868, 0x640a29, 0x646926, 0x742826, 0x273035,
	0x317420, 0x66676f, 0x672029, 0x756727, 0x343530, 0x0a6070, 0x637709, 0x730a6f,
	0x75273d, 0x312023, 0x2e3328, 0x632821, 0x3e2d75, 0x692e77, 0x632f2e, 0x7b2067,
	0x0a3b38, 0x697779, 0x343778, 0x77207a, 0x762d64, 0x2a6e69, 0x2a7269, 0x343131,
	0x646961, 0x20672d, 0x72756d, 0x75656c, 0x642866, 0x600a64, 0x27706f, 0x383778,
	0x79622a, 0x6f2034, 0x0a2939, 0x69686b, 0x5f615f, 0x3b2971, 0x736872, 0x2d3020,
	0x656477, 0x2d6e20, 0x2c3532, 0x687779, 0x730a7d, 0x766f2d, 0x69286b, 0x2e336e,
	0x5d3220, 0x6c7061, 0x34646e, 0x3e6174, 0x6e2878, 0x2d3431, 0x692d79, 0x243d31,
	0x327020, 0x3a3420, 0x772e77, 0x7d2973, 0x656262, 0x34366d, 0x61765b, 0x323730,
	0x5d7367, 0x276b72, 0x66610a, 0x323830, 0x327469, 0x272627, 0x622a28, 0x2c6477,
	0x612076, 0x227665, 0x663032, 0x616363, 0x637972, 0x606a62, 0x686b09, 0x636c65,
	0x287420, 0x646474, 0x227468, 0x747368, 0x737663, 0x6c2f65, 0x602962, 0x667820,
	0x307b40, 0x303135, 0x20207d, 0x662c29, 0x203336, 0x736d60, 0x652030, 0x6a2220,
	0x756574, 0x363631, 0x343335, 0x7a672e, 0x742d77, 0x752062, 0x203d09, 0x666178,
	0x333931, 0x622d72, 0x2c6361, 0x630a6f, 0x6f6c6b, 0x627574, 0x662d67, 0x3c207c,
	0x745b20, 0x3e6c61, 0x622d38, 0x6d6d79, 0x796e65, 0x383333, 0x3a2762, 0x282868,
	0x2c742a, 0x312d27, 0x6b6275, 0x6f6421, 0x63742e, 0x743a29, 0x2e0a3a, 0x353830,
	0x226365, 0x653d72, 0x2b6a20, 0x783e20, 0x6e7b24, 0x3a646c, 0x286d69, 0x226c69,
	0x762228, 0x286969, 0x727766, 0x5f6274, 0x206578, 0x6d6d5f, 0x636431, 0x657027,
	0x646478, 0x702032, 0x612d79, 0x303920, 0x203439, 0x726e5b, 0x7d3120, 0x282965,
	0x732e0a, 0x0a3a62, 0x342074, 0x29616e, 0x2f2064, 0x305b68, 0x656274, 0x782866,
}
